INSERT INTO `course` (`id`, `name`, `status`, `version`,`ivr_id`) VALUES('d5c4a806-f817-47e3-b73d-8803a7e76ddd', 'Course', 'DRAFT', 1, '25190');


INSERT INTO `module` (`id`,`created_date`,`updated_date`,`description`,`name`,`status`,`version`,`previous_version_id`,`start_module_question_id`,`name_code`,`ivr_group`) VALUES ('2dcaa2da-edc4-42b0-a505-167d327aaf06', '2017-11-14 16:07:23', '2018-04-27 16:10:35', NULL, 'Vaccination', 'DRAFT', 1, NULL, NULL, 'vaccination_v1', '302971');
INSERT INTO `module` (`id`,`created_date`,`updated_date`,`description`,`name`,`status`,`version`,`previous_version_id`,`start_module_question_id`,`name_code`,`ivr_group`) VALUES ('23d47fc4-28bd-45b5-94ef-4aa241e5ee17', '2018-05-08 13:34:09', '2018-05-08 13:34:09', NULL, 'Outbreak Response', 'DRAFT', 1, NULL, NULL, 'outbreak-response_v1', '302972');


INSERT INTO `course_module` (`id`, `list_order`, `course_id`, `module_id`,`ivr_id`,`ivr_name`) VALUES ('19ff022e-c905-4d40-b692-214a981fe784', 0, 'd5c4a806-f817-47e3-b73d-8803a7e76ddd', '2dcaa2da-edc4-42b0-a505-167d327aaf06', '10766320', 'vaccination');
INSERT INTO `course_module` (`id`, `list_order`, `course_id`, `module_id`,`ivr_id`,`ivr_name`) VALUES ('a69f5169-f08e-4198-826e-989ef506f9d5', 1, 'd5c4a806-f817-47e3-b73d-8803a7e76ddd', '23d47fc4-28bd-45b5-94ef-4aa241e5ee17', '10766321', 'outbreak response');


INSERT INTO `unit` (`id`,`created_date`,`updated_date`,`ivr_id`,`ivr_name`,`allow_replay`,`description`,`list_order`,`name`,`continuation_question_id`,`module_id`) VALUES ('f920b85f-992d-43a8-92c8-c935444ec472', '2018-02-23 10:48:50', '2018-04-27 16:13:46', '10637770', NULL, 0, NULL, 0, 'unit 1', NULL, '2dcaa2da-edc4-42b0-a505-167d327aaf06');
INSERT INTO `unit` (`id`,`created_date`,`updated_date`,`ivr_id`,`ivr_name`,`allow_replay`,`description`,`list_order`,`name`,`continuation_question_id`,`module_id`) VALUES ('eb154a75-ec2c-47dd-ad0f-d24d78ec9e4c', '2018-02-23 10:48:50', '2018-04-27 16:13:46', '10637769', NULL, 1, NULL, 1, 'unit 2', NULL, '2dcaa2da-edc4-42b0-a505-167d327aaf06');
INSERT INTO `unit` (`id`,`created_date`,`updated_date`,`ivr_id`,`ivr_name`,`allow_replay`,`description`,`list_order`,`name`,`continuation_question_id`,`module_id`) VALUES ('5e168c38-a75f-47f3-8e99-8eeab8e9a8e4', '2018-02-23 10:48:50', '2018-04-27 16:13:46', '10637768', NULL, 1, NULL, 2, 'unit 3', NULL, '2dcaa2da-edc4-42b0-a505-167d327aaf06');
INSERT INTO `unit` (`id`,`created_date`,`updated_date`,`ivr_id`,`ivr_name`,`allow_replay`,`description`,`list_order`,`name`,`continuation_question_id`,`module_id`) VALUES ('23f513de-f287-4ae2-9a0a-f287801aabdf', '2018-02-23 10:56:50', '2018-04-27 16:13:46', '10637767', NULL, 1, NULL, 3, 'unit 4', NULL, '2dcaa2da-edc4-42b0-a505-167d327aaf06');
INSERT INTO `unit` (`id`,`created_date`,`updated_date`,`ivr_id`,`ivr_name`,`allow_replay`,`description`,`list_order`,`name`,`continuation_question_id`,`module_id`) VALUES ('dbd73e0c-65ed-44d7-9f15-b30fd7ce0826', '2018-02-23 10:56:50', '2018-04-27 16:13:46', '10637766', NULL, 1, NULL, 4, 'unit 5', NULL, '2dcaa2da-edc4-42b0-a505-167d327aaf06');
INSERT INTO `unit` (`id`,`created_date`,`updated_date`,`ivr_id`,`ivr_name`,`allow_replay`,`description`,`list_order`,`name`,`continuation_question_id`,`module_id`) VALUES ('ebbd65b8-5e82-4abf-bdad-630482b16b6d', '2018-02-23 10:56:50', '2018-04-27 16:13:46', '10637765', NULL, 1, NULL, 5, 'unit 6', NULL, '2dcaa2da-edc4-42b0-a505-167d327aaf06');

INSERT INTO `unit` (`id`,`created_date`,`updated_date`,`ivr_id`,`ivr_name`,`allow_replay`,`description`,`list_order`,`name`,`continuation_question_id`,`module_id`) VALUES ('ff4265ef-116d-415c-bcb5-918cd75b8f59', '2018-05-08 13:34:09', '2018-05-08 13:38:59', '10765770', NULL, 0, NULL, 0, 'unit 1', NULL, '23d47fc4-28bd-45b5-94ef-4aa241e5ee17');
INSERT INTO `unit` (`id`,`created_date`,`updated_date`,`ivr_id`,`ivr_name`,`allow_replay`,`description`,`list_order`,`name`,`continuation_question_id`,`module_id`) VALUES ('ecffe8a4-4e47-4d53-a840-5e11543a3cee', '2018-05-08 13:34:09', '2018-05-08 13:38:59', '10765769', NULL, 1, NULL, 1, 'unit 2', NULL, '23d47fc4-28bd-45b5-94ef-4aa241e5ee17');
INSERT INTO `unit` (`id`,`created_date`,`updated_date`,`ivr_id`,`ivr_name`,`allow_replay`,`description`,`list_order`,`name`,`continuation_question_id`,`module_id`) VALUES ('6537840a-6205-4d16-90d9-7fc3fc1b3014', '2018-05-08 13:34:09', '2018-05-08 13:38:59', '10765768', NULL, 1, NULL, 2, 'unit 3', NULL, '23d47fc4-28bd-45b5-94ef-4aa241e5ee17');
INSERT INTO `unit` (`id`,`created_date`,`updated_date`,`ivr_id`,`ivr_name`,`allow_replay`,`description`,`list_order`,`name`,`continuation_question_id`,`module_id`) VALUES ('e7eaab73-ce72-40f3-a3ca-6f62a3e1f45e', '2018-05-08 13:34:09', '2018-05-08 13:38:59', '10765767', NULL, 1, NULL, 3, 'unit 4', NULL, '23d47fc4-28bd-45b5-94ef-4aa241e5ee17');
INSERT INTO `unit` (`id`,`created_date`,`updated_date`,`ivr_id`,`ivr_name`,`allow_replay`,`description`,`list_order`,`name`,`continuation_question_id`,`module_id`) VALUES ('27c14bbc-486b-42e7-b324-8d43ada784b7', '2018-05-08 13:34:09', '2018-05-08 13:38:59', '10765766', NULL, 1, NULL, 4, 'unit 5', NULL, '23d47fc4-28bd-45b5-94ef-4aa241e5ee17');
INSERT INTO `unit` (`id`,`created_date`,`updated_date`,`ivr_id`,`ivr_name`,`allow_replay`,`description`,`list_order`,`name`,`continuation_question_id`,`module_id`) VALUES ('e44bb928-74a5-43f1-8577-40f00adc57d5', '2018-05-08 13:34:09', '2018-05-08 13:38:59', '10765765', NULL, 1, NULL, 5, 'unit 6', NULL, '23d47fc4-28bd-45b5-94ef-4aa241e5ee17');


INSERT INTO `call_flow_element` (`id`,`created_date`,`updated_date`,`ivr_id`,`ivr_name` ,`content`,`list_order`,`name`,`type`,`unit_id`) VALUES ('9f4febb0-7376-4e38-bc42-32511c4fb1e9', '2018-02-23 10:48:50', '2018-04-27 16:18:08', '10634548', NULL, NULL, 0, 'intro', 'MESSAGE', 'f920b85f-992d-43a8-92c8-c935444ec472');
INSERT INTO `call_flow_element` (`id`,`created_date`,`updated_date`,`ivr_id`,`ivr_name` ,`content`,`list_order`,`name`,`type`,`unit_id`) VALUES ('02ae38da-2633-4ab2-b0e5-e9d911680130', '2018-02-23 10:48:50', '2018-04-27 16:18:08', '10634549', NULL, NULL, 1, 'q1', 'QUESTION', 'f920b85f-992d-43a8-92c8-c935444ec472');
INSERT INTO `call_flow_element` (`id`,`created_date`,`updated_date`,`ivr_id`,`ivr_name` ,`content`,`list_order`,`name`,`type`,`unit_id`) VALUES ('6f187818-428f-47e6-b661-cf94a463d732', '2018-02-23 10:48:50', '2018-04-27 16:18:08', '10634550', NULL, NULL, 2, 'q2', 'QUESTION', 'f920b85f-992d-43a8-92c8-c935444ec472');
INSERT INTO `call_flow_element` (`id`,`created_date`,`updated_date`,`ivr_id`,`ivr_name` ,`content`,`list_order`,`name`,`type`,`unit_id`) VALUES ('dd5ae3c6-e987-4997-a62b-a56e3c8d574e', '2018-02-23 10:48:50', '2018-04-27 16:18:08', '10634551', NULL, NULL, 3, 'q3', 'QUESTION', 'f920b85f-992d-43a8-92c8-c935444ec472');
INSERT INTO `call_flow_element` (`id`,`created_date`,`updated_date`,`ivr_id`,`ivr_name` ,`content`,`list_order`,`name`,`type`,`unit_id`) VALUES ('e587920d-13b1-45fb-8ce1-4d6d872fc211', '2018-02-24 13:41:33', '2018-04-27 16:18:08', '10634552', NULL, NULL, 4, 'q4', 'QUESTION', 'f920b85f-992d-43a8-92c8-c935444ec472');
INSERT INTO `call_flow_element` (`id`,`created_date`,`updated_date`,`ivr_id`,`ivr_name` ,`content`,`list_order`,`name`,`type`,`unit_id`) VALUES ('a1c18a46-2589-41f4-99a3-e886e65bd6f6', '2018-02-24 13:41:33', '2018-04-27 16:18:08', '10634553', NULL, NULL, 5, 'q5', 'QUESTION', 'f920b85f-992d-43a8-92c8-c935444ec472');
INSERT INTO `call_flow_element` (`id`,`created_date`,`updated_date`,`ivr_id`,`ivr_name` ,`content`,`list_order`,`name`,`type`,`unit_id`) VALUES ('01c6b4bd-1838-4b0c-ab70-bb7606837286', '2018-02-24 13:41:33', '2018-04-27 16:18:08', '10634554', NULL, NULL, 6, 'q6', 'QUESTION', 'f920b85f-992d-43a8-92c8-c935444ec472');
INSERT INTO `call_flow_element` (`id`,`created_date`,`updated_date`,`ivr_id`,`ivr_name` ,`content`,`list_order`,`name`,`type`,`unit_id`) VALUES ('fd4e1a19-1997-4a0e-81ec-921feb5c4145', '2018-02-24 13:41:33', '2018-04-27 16:18:08', '10634555', NULL, NULL, 7, 'q7', 'QUESTION', 'f920b85f-992d-43a8-92c8-c935444ec472');
INSERT INTO `call_flow_element` (`id`,`created_date`,`updated_date`,`ivr_id`,`ivr_name` ,`content`,`list_order`,`name`,`type`,`unit_id`) VALUES ('0481eb61-cde5-42ba-8ea6-629d70bfb3da', '2018-02-24 13:41:33', '2018-04-27 16:18:08', '10634556', NULL, NULL, 8, 'q8', 'QUESTION', 'f920b85f-992d-43a8-92c8-c935444ec472');
INSERT INTO `call_flow_element` (`id`,`created_date`,`updated_date`,`ivr_id`,`ivr_name` ,`content`,`list_order`,`name`,`type`,`unit_id`) VALUES ('0d130fcb-7f60-452c-8c24-3121d5b54335', '2018-02-24 13:41:33', '2018-04-27 16:18:08', '10634557', NULL, NULL, 9, 'q9', 'QUESTION', 'f920b85f-992d-43a8-92c8-c935444ec472');
INSERT INTO `call_flow_element` (`id`,`created_date`,`updated_date`,`ivr_id`,`ivr_name` ,`content`,`list_order`,`name`,`type`,`unit_id`) VALUES ('1732887a-352b-479e-8fba-81dfaf2b2b82', '2018-02-24 13:41:33', '2018-04-27 16:18:08', '10634558', NULL, NULL, 10, 'q10', 'QUESTION', 'f920b85f-992d-43a8-92c8-c935444ec472');
INSERT INTO `call_flow_element` (`id`,`created_date`,`updated_date`,`ivr_id`,`ivr_name` ,`content`,`list_order`,`name`,`type`,`unit_id`) VALUES ('23d83b87-a0e9-4fad-b527-2b70c9158817', '2018-02-24 13:41:33', '2018-04-27 16:18:08', '10634559', NULL, NULL, 11, 'q11', 'QUESTION', 'f920b85f-992d-43a8-92c8-c935444ec472');
INSERT INTO `call_flow_element` (`id`,`created_date`,`updated_date`,`ivr_id`,`ivr_name` ,`content`,`list_order`,`name`,`type`,`unit_id`) VALUES ('2c2fafa4-652e-4d78-a87f-9c53668afa34', '2018-02-24 13:41:33', '2018-04-27 16:18:08', '10634560', NULL, NULL, 12, 'q12', 'QUESTION', 'f920b85f-992d-43a8-92c8-c935444ec472');
INSERT INTO `call_flow_element` (`id`,`created_date`,`updated_date`,`ivr_id`,`ivr_name` ,`content`,`list_order`,`name`,`type`,`unit_id`) VALUES ('2eea99f0-9899-492c-b64d-63c60bad792e', '2018-02-24 13:41:33', '2018-04-27 16:18:08', '10634561', NULL, NULL, 13, 'q13', 'QUESTION', 'f920b85f-992d-43a8-92c8-c935444ec472');
INSERT INTO `call_flow_element` (`id`,`created_date`,`updated_date`,`ivr_id`,`ivr_name` ,`content`,`list_order`,`name`,`type`,`unit_id`) VALUES ('384c1e5c-9d38-441d-87ab-147e648d7217', '2018-02-24 13:41:33', '2018-04-27 16:18:08', '10634562', NULL, NULL, 14, 'q14', 'QUESTION', 'f920b85f-992d-43a8-92c8-c935444ec472');
INSERT INTO `call_flow_element` (`id`,`created_date`,`updated_date`,`ivr_id`,`ivr_name` ,`content`,`list_order`,`name`,`type`,`unit_id`) VALUES ('3ce9b490-b2f8-4147-917f-b1e18fd339da', '2018-02-24 13:41:33', '2018-04-27 16:18:08', '10634563', NULL, NULL, 15, 'q15', 'QUESTION', 'f920b85f-992d-43a8-92c8-c935444ec472');
INSERT INTO `call_flow_element` (`id`,`created_date`,`updated_date`,`ivr_id`,`ivr_name` ,`content`,`list_order`,`name`,`type`,`unit_id`) VALUES ('3e498211-7e3c-4d21-b66c-4d60b8777f69', '2018-02-24 13:41:33', '2018-04-27 16:18:08', '10634564', NULL, NULL, 16, 'q16', 'QUESTION', 'f920b85f-992d-43a8-92c8-c935444ec472');
INSERT INTO `call_flow_element` (`id`,`created_date`,`updated_date`,`ivr_id`,`ivr_name` ,`content`,`list_order`,`name`,`type`,`unit_id`) VALUES ('3fb7e61e-1f6c-4a86-8ded-5ae540ad8904', '2018-02-24 13:41:33', '2018-04-27 16:18:08', '10634565', NULL, NULL, 17, 'q17', 'QUESTION', 'f920b85f-992d-43a8-92c8-c935444ec472');
INSERT INTO `call_flow_element` (`id`,`created_date`,`updated_date`,`ivr_id`,`ivr_name` ,`content`,`list_order`,`name`,`type`,`unit_id`) VALUES ('4305ee0d-326a-410c-a84e-10ee7b84ae97', '2018-02-24 13:41:33', '2018-04-27 16:18:08', '10634566', NULL, NULL, 18, 'q18', 'QUESTION', 'f920b85f-992d-43a8-92c8-c935444ec472');
INSERT INTO `call_flow_element` (`id`,`created_date`,`updated_date`,`ivr_id`,`ivr_name` ,`content`,`list_order`,`name`,`type`,`unit_id`) VALUES ('473beadf-52a1-446a-bd07-dafd038d06bb', '2018-02-24 13:41:33', '2018-04-27 16:18:08', '10634567', NULL, NULL, 19, 'q19', 'QUESTION', 'f920b85f-992d-43a8-92c8-c935444ec472');
INSERT INTO `call_flow_element` (`id`,`created_date`,`updated_date`,`ivr_id`,`ivr_name` ,`content`,`list_order`,`name`,`type`,`unit_id`) VALUES ('4e748526-39de-4298-888d-1b6256d26711', '2018-02-24 13:41:33', '2018-04-27 16:18:08', '10634568', NULL, NULL, 20, 'q20', 'QUESTION', 'f920b85f-992d-43a8-92c8-c935444ec472');
INSERT INTO `call_flow_element` (`id`,`created_date`,`updated_date`,`ivr_id`,`ivr_name` ,`content`,`list_order`,`name`,`type`,`unit_id`) VALUES ('8628cb45-5a03-47a5-a59a-4e4b8bb1e07f', '2018-02-23 10:48:50', '2018-04-27 16:20:45', '10636952', NULL, NULL, 0, 'intro', 'MESSAGE', 'eb154a75-ec2c-47dd-ad0f-d24d78ec9e4c');
INSERT INTO `call_flow_element` (`id`,`created_date`,`updated_date`,`ivr_id`,`ivr_name` ,`content`,`list_order`,`name`,`type`,`unit_id`) VALUES ('fd8b0a9b-2ca5-4632-88be-880e3fade354', '2018-02-23 10:48:50', '2018-04-27 16:20:45', '10636953', NULL, NULL, 1, 'm1', 'MESSAGE', 'eb154a75-ec2c-47dd-ad0f-d24d78ec9e4c');
INSERT INTO `call_flow_element` (`id`,`created_date`,`updated_date`,`ivr_id`,`ivr_name` ,`content`,`list_order`,`name`,`type`,`unit_id`) VALUES ('d44428b9-9cb6-4411-bb8f-26355c402c5c', '2018-02-23 10:48:50', '2018-04-27 16:20:45', '10636954', NULL, NULL, 2, 'm2', 'MESSAGE', 'eb154a75-ec2c-47dd-ad0f-d24d78ec9e4c');
INSERT INTO `call_flow_element` (`id`,`created_date`,`updated_date`,`ivr_id`,`ivr_name` ,`content`,`list_order`,`name`,`type`,`unit_id`) VALUES ('b428ca05-f784-4474-ae1c-1be9ad2572e5', '2018-02-23 10:48:50', '2018-04-27 16:20:45', '10636955', NULL, NULL, 3, 'm3', 'MESSAGE', 'eb154a75-ec2c-47dd-ad0f-d24d78ec9e4c');
INSERT INTO `call_flow_element` (`id`,`created_date`,`updated_date`,`ivr_id`,`ivr_name` ,`content`,`list_order`,`name`,`type`,`unit_id`) VALUES ('8a3094ef-26ee-42c6-9418-1c4bf89398e8', '2018-02-23 10:48:50', '2018-04-27 16:20:45', '10636956', NULL, NULL, 4, 'm4', 'MESSAGE', 'eb154a75-ec2c-47dd-ad0f-d24d78ec9e4c');
INSERT INTO `call_flow_element` (`id`,`created_date`,`updated_date`,`ivr_id`,`ivr_name` ,`content`,`list_order`,`name`,`type`,`unit_id`) VALUES ('04f856c7-2a15-45e3-8e18-4b1432f76077', '2018-02-23 10:48:50', '2018-04-27 16:20:45', '10636957', NULL, NULL, 5, 'm5', 'MESSAGE', 'eb154a75-ec2c-47dd-ad0f-d24d78ec9e4c');
INSERT INTO `call_flow_element` (`id`,`created_date`,`updated_date`,`ivr_id`,`ivr_name` ,`content`,`list_order`,`name`,`type`,`unit_id`) VALUES ('5289a96d-685b-4824-88ca-ec102eb030fd', '2018-02-23 10:48:50', '2018-04-27 16:20:45', '10636958', NULL, NULL, 6, 'm6', 'MESSAGE', 'eb154a75-ec2c-47dd-ad0f-d24d78ec9e4c');
INSERT INTO `call_flow_element` (`id`,`created_date`,`updated_date`,`ivr_id`,`ivr_name` ,`content`,`list_order`,`name`,`type`,`unit_id`) VALUES ('f0dbdcc3-6c6d-4a1a-aa8c-b30707055565', '2018-02-23 10:48:50', '2018-04-27 16:20:45', '10636959', NULL, NULL, 7, 'q1', 'QUESTION', 'eb154a75-ec2c-47dd-ad0f-d24d78ec9e4c');
INSERT INTO `call_flow_element` (`id`,`created_date`,`updated_date`,`ivr_id`,`ivr_name` ,`content`,`list_order`,`name`,`type`,`unit_id`) VALUES ('4d511897-8a14-4e37-8b48-3bde43121a9b', '2018-02-23 10:48:50', '2018-04-27 16:20:45', '10636960', NULL, NULL, 8, 'q1 response', 'MESSAGE', 'eb154a75-ec2c-47dd-ad0f-d24d78ec9e4c');
INSERT INTO `call_flow_element` (`id`,`created_date`,`updated_date`,`ivr_id`,`ivr_name` ,`content`,`list_order`,`name`,`type`,`unit_id`) VALUES ('6b3eebc1-c4f9-46a0-af54-a051927b6cb4', '2018-02-23 10:48:50', '2018-04-27 16:20:45', '10636961', NULL, NULL, 9, 'q2', 'QUESTION', 'eb154a75-ec2c-47dd-ad0f-d24d78ec9e4c');
INSERT INTO `call_flow_element` (`id`,`created_date`,`updated_date`,`ivr_id`,`ivr_name` ,`content`,`list_order`,`name`,`type`,`unit_id`) VALUES ('0d306506-c8c0-441f-ae4c-ca82d35d4c31', '2018-02-23 10:48:50', '2018-04-27 16:20:45', '10636962', NULL, NULL, 10, 'q2 response', 'MESSAGE', 'eb154a75-ec2c-47dd-ad0f-d24d78ec9e4c');
INSERT INTO `call_flow_element` (`id`,`created_date`,`updated_date`,`ivr_id`,`ivr_name` ,`content`,`list_order`,`name`,`type`,`unit_id`) VALUES ('52a65a92-bd03-40e3-ad61-a81614ec4f9e', '2018-02-23 10:48:50', '2018-04-27 16:20:45', '10636963', NULL, NULL, 11, 'q3', 'QUESTION', 'eb154a75-ec2c-47dd-ad0f-d24d78ec9e4c');
INSERT INTO `call_flow_element` (`id`,`created_date`,`updated_date`,`ivr_id`,`ivr_name` ,`content`,`list_order`,`name`,`type`,`unit_id`) VALUES ('53a7e0fb-6fb0-4a68-a634-fe631d82c690', '2018-02-23 10:48:50', '2018-04-27 16:20:45', '10636964', NULL, NULL, 12, 'q3 response', 'MESSAGE', 'eb154a75-ec2c-47dd-ad0f-d24d78ec9e4c');
INSERT INTO `call_flow_element` (`id`,`created_date`,`updated_date`,`ivr_id`,`ivr_name` ,`content`,`list_order`,`name`,`type`,`unit_id`) VALUES ('86aaf4fb-cda3-4a1c-b153-645b16d594a3', '2018-02-23 10:48:50', '2018-04-27 16:28:04', '10636930', NULL, NULL, 0, 'intro', 'MESSAGE', '5e168c38-a75f-47f3-8e99-8eeab8e9a8e4');
INSERT INTO `call_flow_element` (`id`,`created_date`,`updated_date`,`ivr_id`,`ivr_name` ,`content`,`list_order`,`name`,`type`,`unit_id`) VALUES ('ea7a2cf3-5a0f-40ca-a286-bc591beb656a', '2018-02-23 10:48:50', '2018-04-27 16:28:04', '10636931', NULL, NULL, 1, 'm1', 'MESSAGE', '5e168c38-a75f-47f3-8e99-8eeab8e9a8e4');
INSERT INTO `call_flow_element` (`id`,`created_date`,`updated_date`,`ivr_id`,`ivr_name` ,`content`,`list_order`,`name`,`type`,`unit_id`) VALUES ('fa2c6c51-aec1-4ee5-a5fb-32b2abb396f7', '2018-02-23 10:48:50', '2018-04-27 16:28:04', '10636932', NULL, NULL, 2, 'm2', 'MESSAGE', '5e168c38-a75f-47f3-8e99-8eeab8e9a8e4');
INSERT INTO `call_flow_element` (`id`,`created_date`,`updated_date`,`ivr_id`,`ivr_name` ,`content`,`list_order`,`name`,`type`,`unit_id`) VALUES ('21c6fdcb-84f3-42c3-8f7c-5c42f6db49c3', '2018-02-23 10:48:50', '2018-04-27 16:28:04', '10636933', NULL, NULL, 3, 'm3', 'MESSAGE', '5e168c38-a75f-47f3-8e99-8eeab8e9a8e4');
INSERT INTO `call_flow_element` (`id`,`created_date`,`updated_date`,`ivr_id`,`ivr_name` ,`content`,`list_order`,`name`,`type`,`unit_id`) VALUES ('b786e5f0-df62-486f-be84-fa019cdd9f44', '2018-02-23 10:48:50', '2018-04-27 16:28:04', '10636934', NULL, NULL, 4, 'm4', 'MESSAGE', '5e168c38-a75f-47f3-8e99-8eeab8e9a8e4');
INSERT INTO `call_flow_element` (`id`,`created_date`,`updated_date`,`ivr_id`,`ivr_name` ,`content`,`list_order`,`name`,`type`,`unit_id`) VALUES ('6c9a79ed-ae3c-45aa-872e-d87e145f52eb', '2018-02-23 10:48:50', '2018-04-27 16:28:04', '10636935', NULL, NULL, 5, 'm5', 'MESSAGE', '5e168c38-a75f-47f3-8e99-8eeab8e9a8e4');
INSERT INTO `call_flow_element` (`id`,`created_date`,`updated_date`,`ivr_id`,`ivr_name` ,`content`,`list_order`,`name`,`type`,`unit_id`) VALUES ('04633ac3-3731-41a4-bc3c-910eaf87cb95', '2018-02-23 10:48:50', '2018-04-27 16:28:04', '10636936', NULL, NULL, 6, 'm6', 'MESSAGE', '5e168c38-a75f-47f3-8e99-8eeab8e9a8e4');
INSERT INTO `call_flow_element` (`id`,`created_date`,`updated_date`,`ivr_id`,`ivr_name` ,`content`,`list_order`,`name`,`type`,`unit_id`) VALUES ('04800783-8153-442c-b899-974e5410463c', '2018-02-23 10:48:50', '2018-04-27 16:28:04', '10636937', NULL, NULL, 7, 'm7', 'MESSAGE', '5e168c38-a75f-47f3-8e99-8eeab8e9a8e4');
INSERT INTO `call_flow_element` (`id`,`created_date`,`updated_date`,`ivr_id`,`ivr_name` ,`content`,`list_order`,`name`,`type`,`unit_id`) VALUES ('1c5c8d17-b45f-44c6-b4a4-365957875f2f', '2018-04-27 15:40:59', '2018-04-27 16:28:04', '10636938', NULL, NULL, 8, 'm8', 'MESSAGE', '5e168c38-a75f-47f3-8e99-8eeab8e9a8e4');
INSERT INTO `call_flow_element` (`id`,`created_date`,`updated_date`,`ivr_id`,`ivr_name` ,`content`,`list_order`,`name`,`type`,`unit_id`) VALUES ('77124324-7855-4baa-a664-6239f5f34668', '2018-02-23 10:48:50', '2018-04-27 16:28:04', '10636939', NULL, NULL, 9, 'q1', 'QUESTION', '5e168c38-a75f-47f3-8e99-8eeab8e9a8e4');
INSERT INTO `call_flow_element` (`id`,`created_date`,`updated_date`,`ivr_id`,`ivr_name` ,`content`,`list_order`,`name`,`type`,`unit_id`) VALUES ('3378ca0f-cea7-4699-8566-0e6d45e9a4c8', '2018-02-23 10:48:50', '2018-04-27 16:28:04', '10636940', NULL, NULL, 10, 'q1 response', 'MESSAGE', '5e168c38-a75f-47f3-8e99-8eeab8e9a8e4');
INSERT INTO `call_flow_element` (`id`,`created_date`,`updated_date`,`ivr_id`,`ivr_name` ,`content`,`list_order`,`name`,`type`,`unit_id`) VALUES ('49c45d85-f0d0-4d30-ab37-100349d7aefc', '2018-02-23 10:48:50', '2018-04-27 16:28:04', '10636941', NULL, NULL, 11, 'q2', 'QUESTION', '5e168c38-a75f-47f3-8e99-8eeab8e9a8e4');
INSERT INTO `call_flow_element` (`id`,`created_date`,`updated_date`,`ivr_id`,`ivr_name` ,`content`,`list_order`,`name`,`type`,`unit_id`) VALUES ('eea46dda-03c9-454e-b22a-96e8c18d1124', '2018-02-23 10:48:50', '2018-04-27 16:28:04', '10636942', NULL, NULL, 12, 'q2 response', 'MESSAGE', '5e168c38-a75f-47f3-8e99-8eeab8e9a8e4');
INSERT INTO `call_flow_element` (`id`,`created_date`,`updated_date`,`ivr_id`,`ivr_name` ,`content`,`list_order`,`name`,`type`,`unit_id`) VALUES ('0698896c-f0ca-411b-852c-1785e7da68b9', '2018-02-23 10:48:50', '2018-04-27 16:28:04', '10636943', NULL, NULL, 13, 'q3', 'QUESTION', '5e168c38-a75f-47f3-8e99-8eeab8e9a8e4');
INSERT INTO `call_flow_element` (`id`,`created_date`,`updated_date`,`ivr_id`,`ivr_name` ,`content`,`list_order`,`name`,`type`,`unit_id`) VALUES ('05fba838-3a6c-4cb4-ab59-b7df1a259d7d', '2018-02-23 10:48:50', '2018-04-27 16:28:04', '10636944', NULL, NULL, 14, 'q3 response', 'MESSAGE', '5e168c38-a75f-47f3-8e99-8eeab8e9a8e4');
INSERT INTO `call_flow_element` (`id`,`created_date`,`updated_date`,`ivr_id`,`ivr_name` ,`content`,`list_order`,`name`,`type`,`unit_id`) VALUES ('06d45e16-ffc3-4d34-9a06-c5ec97accfde', '2018-02-23 10:48:50', '2018-04-27 16:28:04', '10636945', NULL, NULL, 15, 'q4', 'QUESTION', '5e168c38-a75f-47f3-8e99-8eeab8e9a8e4');
INSERT INTO `call_flow_element` (`id`,`created_date`,`updated_date`,`ivr_id`,`ivr_name` ,`content`,`list_order`,`name`,`type`,`unit_id`) VALUES ('06110fb1-ce54-42b0-a1b9-ae49955003a9', '2018-02-23 10:48:50', '2018-04-27 16:28:04', '10636946', NULL, NULL, 16, 'q4 response', 'MESSAGE', '5e168c38-a75f-47f3-8e99-8eeab8e9a8e4');
INSERT INTO `call_flow_element` (`id`,`created_date`,`updated_date`,`ivr_id`,`ivr_name` ,`content`,`list_order`,`name`,`type`,`unit_id`) VALUES ('0702d19a-e30f-4ea8-831d-d6a74aeb2ab5', '2018-02-23 10:48:50', '2018-04-27 16:28:04', '10636947', NULL, NULL, 17, 'q5', 'QUESTION', '5e168c38-a75f-47f3-8e99-8eeab8e9a8e4');
INSERT INTO `call_flow_element` (`id`,`created_date`,`updated_date`,`ivr_id`,`ivr_name` ,`content`,`list_order`,`name`,`type`,`unit_id`) VALUES ('068faa9b-29c5-4159-a3ef-bea5ccdfbf0f', '2018-02-23 10:48:50', '2018-04-27 16:28:04', '10636948', NULL, NULL, 18, 'q5 response', 'MESSAGE', '5e168c38-a75f-47f3-8e99-8eeab8e9a8e4');
INSERT INTO `call_flow_element` (`id`,`created_date`,`updated_date`,`ivr_id`,`ivr_name` ,`content`,`list_order`,`name`,`type`,`unit_id`) VALUES ('a5942273-7d49-4de2-bd7d-eb45a94fef00', '2018-02-23 10:48:50', '2018-04-27 16:30:49', '10637163', NULL, NULL, 0, 'intro', 'MESSAGE', '23f513de-f287-4ae2-9a0a-f287801aabdf');
INSERT INTO `call_flow_element` (`id`,`created_date`,`updated_date`,`ivr_id`,`ivr_name` ,`content`,`list_order`,`name`,`type`,`unit_id`) VALUES ('09ac31bc-ec1f-4593-8146-0abfe9e0917a', '2018-02-24 13:53:21', '2018-04-27 16:30:49', '10637164', NULL, NULL, 1, 'm1', 'MESSAGE', '23f513de-f287-4ae2-9a0a-f287801aabdf');
INSERT INTO `call_flow_element` (`id`,`created_date`,`updated_date`,`ivr_id`,`ivr_name` ,`content`,`list_order`,`name`,`type`,`unit_id`) VALUES ('0541ab42-95ec-4bde-b565-2a90422b0f02', '2018-02-23 10:48:50', '2018-04-27 16:30:49', '10637165', NULL, NULL, 2, 'm2', 'MESSAGE', '23f513de-f287-4ae2-9a0a-f287801aabdf');
INSERT INTO `call_flow_element` (`id`,`created_date`,`updated_date`,`ivr_id`,`ivr_name` ,`content`,`list_order`,`name`,`type`,`unit_id`) VALUES ('08a53952-b41e-4cf7-9efe-545b10f887e9', '2018-02-23 10:48:50', '2018-04-27 16:30:49', '10637166', NULL, NULL, 3, 'm3', 'MESSAGE', '23f513de-f287-4ae2-9a0a-f287801aabdf');
INSERT INTO `call_flow_element` (`id`,`created_date`,`updated_date`,`ivr_id`,`ivr_name` ,`content`,`list_order`,`name`,`type`,`unit_id`) VALUES ('08acd06b-8a5e-4451-a80d-887552e85ee9', '2018-02-23 10:48:50', '2018-04-27 16:30:49', '10637167', NULL, NULL, 4, 'm4', 'MESSAGE', '23f513de-f287-4ae2-9a0a-f287801aabdf');
INSERT INTO `call_flow_element` (`id`,`created_date`,`updated_date`,`ivr_id`,`ivr_name` ,`content`,`list_order`,`name`,`type`,`unit_id`) VALUES ('092c5926-7016-4844-9378-c2d3894c944d', '2018-02-23 10:48:50', '2018-04-27 16:30:49', '10637168', NULL, NULL, 5, 'm5', 'MESSAGE', '23f513de-f287-4ae2-9a0a-f287801aabdf');
INSERT INTO `call_flow_element` (`id`,`created_date`,`updated_date`,`ivr_id`,`ivr_name` ,`content`,`list_order`,`name`,`type`,`unit_id`) VALUES ('0983e834-b9dc-4d79-8a63-cad8487c4276', '2018-02-23 10:48:50', '2018-04-27 16:30:49', '10637169', NULL, NULL, 6, 'm6', 'MESSAGE', '23f513de-f287-4ae2-9a0a-f287801aabdf');
INSERT INTO `call_flow_element` (`id`,`created_date`,`updated_date`,`ivr_id`,`ivr_name` ,`content`,`list_order`,`name`,`type`,`unit_id`) VALUES ('2a6c726e-a8fe-43bf-b5ad-4a19a7d652a6', '2018-02-24 13:53:21', '2018-04-27 16:30:49', '10637170', NULL, NULL, 7, 'q1', 'QUESTION', '23f513de-f287-4ae2-9a0a-f287801aabdf');
INSERT INTO `call_flow_element` (`id`,`created_date`,`updated_date`,`ivr_id`,`ivr_name` ,`content`,`list_order`,`name`,`type`,`unit_id`) VALUES ('cea170d7-142a-4e67-aa9c-052536260f9c', '2018-02-24 13:53:22', '2018-04-27 16:30:49', '10637171', NULL, NULL, 8, 'q1 response', 'MESSAGE', '23f513de-f287-4ae2-9a0a-f287801aabdf');
INSERT INTO `call_flow_element` (`id`,`created_date`,`updated_date`,`ivr_id`,`ivr_name` ,`content`,`list_order`,`name`,`type`,`unit_id`) VALUES ('0b1794d2-1984-456f-b858-77d24f643543', '2018-02-24 13:53:21', '2018-04-27 16:30:49', '10637172', NULL, NULL, 9, 'q2', 'QUESTION', '23f513de-f287-4ae2-9a0a-f287801aabdf');
INSERT INTO `call_flow_element` (`id`,`created_date`,`updated_date`,`ivr_id`,`ivr_name` ,`content`,`list_order`,`name`,`type`,`unit_id`) VALUES ('0a5e1e21-d0b3-4279-907e-86c9a0dfc9b8', '2018-02-24 13:53:22', '2018-04-27 16:30:49', '10637173', NULL, NULL, 10, 'q2 response', 'MESSAGE', '23f513de-f287-4ae2-9a0a-f287801aabdf');
INSERT INTO `call_flow_element` (`id`,`created_date`,`updated_date`,`ivr_id`,`ivr_name` ,`content`,`list_order`,`name`,`type`,`unit_id`) VALUES ('0b514593-7c0b-409b-834b-b6e6ce85e182', '2018-02-24 13:53:21', '2018-04-27 16:30:49', '10637174', NULL, NULL, 11, 'q3', 'QUESTION', '23f513de-f287-4ae2-9a0a-f287801aabdf');
INSERT INTO `call_flow_element` (`id`,`created_date`,`updated_date`,`ivr_id`,`ivr_name` ,`content`,`list_order`,`name`,`type`,`unit_id`) VALUES ('0aa18f58-45fd-4a04-b238-67e7d2fdbc9f', '2018-02-24 13:53:22', '2018-04-27 16:30:49', '10637175', NULL, NULL, 12, 'q3 response', 'MESSAGE', '23f513de-f287-4ae2-9a0a-f287801aabdf');
INSERT INTO `call_flow_element` (`id`,`created_date`,`updated_date`,`ivr_id`,`ivr_name` ,`content`,`list_order`,`name`,`type`,`unit_id`) VALUES ('0bd58d2e-efff-418a-b1f6-809be93bf58a', '2018-02-24 13:53:21', '2018-04-27 16:30:49', '10637176', NULL, NULL, 13, 'q4', 'QUESTION', '23f513de-f287-4ae2-9a0a-f287801aabdf');
INSERT INTO `call_flow_element` (`id`,`created_date`,`updated_date`,`ivr_id`,`ivr_name` ,`content`,`list_order`,`name`,`type`,`unit_id`) VALUES ('0aacf979-fffd-4909-bbde-f7d2458953df', '2018-02-24 13:53:22', '2018-04-27 16:30:49', '10637177', NULL, NULL, 14, 'q4 response', 'MESSAGE', '23f513de-f287-4ae2-9a0a-f287801aabdf');
INSERT INTO `call_flow_element` (`id`,`created_date`,`updated_date`,`ivr_id`,`ivr_name` ,`content`,`list_order`,`name`,`type`,`unit_id`) VALUES ('86c25fdb-2014-4e29-8d20-8690fc6013a1', '2018-02-23 10:48:50', '2018-04-27 16:33:40', '10637342', NULL, NULL, 0, 'intro', 'MESSAGE', 'dbd73e0c-65ed-44d7-9f15-b30fd7ce0826');
INSERT INTO `call_flow_element` (`id`,`created_date`,`updated_date`,`ivr_id`,`ivr_name` ,`content`,`list_order`,`name`,`type`,`unit_id`) VALUES ('69a75758-9bd7-44c7-bc25-85edc99d465d', '2018-02-24 13:56:23', '2018-04-27 16:33:40', '10637343', NULL, NULL, 1, 'm1', 'MESSAGE', 'dbd73e0c-65ed-44d7-9f15-b30fd7ce0826');
INSERT INTO `call_flow_element` (`id`,`created_date`,`updated_date`,`ivr_id`,`ivr_name` ,`content`,`list_order`,`name`,`type`,`unit_id`) VALUES ('d434a30a-1f4a-4c2f-9fd2-0fc0cebcdfb3', '2018-02-24 13:56:23', '2018-04-27 16:33:40', '10637344', NULL, NULL, 2, 'm2', 'MESSAGE', 'dbd73e0c-65ed-44d7-9f15-b30fd7ce0826');
INSERT INTO `call_flow_element` (`id`,`created_date`,`updated_date`,`ivr_id`,`ivr_name` ,`content`,`list_order`,`name`,`type`,`unit_id`) VALUES ('9d75488f-cb21-4fe1-9eca-cf4ba82ad1cc', '2018-02-24 13:56:23', '2018-04-27 16:33:40', '10637345', NULL, NULL, 3, 'm3', 'MESSAGE', 'dbd73e0c-65ed-44d7-9f15-b30fd7ce0826');
INSERT INTO `call_flow_element` (`id`,`created_date`,`updated_date`,`ivr_id`,`ivr_name` ,`content`,`list_order`,`name`,`type`,`unit_id`) VALUES ('02202a6f-9052-4876-bf4c-fe0878ae5e8d', '2018-02-24 13:56:23', '2018-04-27 16:33:40', '10637346', NULL, NULL, 4, 'm4', 'MESSAGE', 'dbd73e0c-65ed-44d7-9f15-b30fd7ce0826');
INSERT INTO `call_flow_element` (`id`,`created_date`,`updated_date`,`ivr_id`,`ivr_name` ,`content`,`list_order`,`name`,`type`,`unit_id`) VALUES ('47664d5c-443b-4df7-b4d6-4794fa078e45', '2018-02-24 13:56:23', '2018-04-27 16:33:40', '10637347', NULL, NULL, 5, 'q1', 'QUESTION', 'dbd73e0c-65ed-44d7-9f15-b30fd7ce0826');
INSERT INTO `call_flow_element` (`id`,`created_date`,`updated_date`,`ivr_id`,`ivr_name` ,`content`,`list_order`,`name`,`type`,`unit_id`) VALUES ('0ff83990-8926-4e92-a120-434250367bdd', '2018-02-24 13:56:23', '2018-04-27 16:33:40', '10637348', NULL, NULL, 6, 'q1 response', 'MESSAGE', 'dbd73e0c-65ed-44d7-9f15-b30fd7ce0826');
INSERT INTO `call_flow_element` (`id`,`created_date`,`updated_date`,`ivr_id`,`ivr_name` ,`content`,`list_order`,`name`,`type`,`unit_id`) VALUES ('872ad814-b78e-406f-8ce5-a29a21742b8f', '2018-02-24 13:56:23', '2018-04-27 16:33:40', '10637349', NULL, NULL, 7, 'q2', 'QUESTION', 'dbd73e0c-65ed-44d7-9f15-b30fd7ce0826');
INSERT INTO `call_flow_element` (`id`,`created_date`,`updated_date`,`ivr_id`,`ivr_name` ,`content`,`list_order`,`name`,`type`,`unit_id`) VALUES ('88941df7-4cf7-483f-b2f7-2b61979d90bc', '2018-02-24 13:56:23', '2018-04-27 16:33:40', '10637350', NULL, NULL, 8, 'q2 response', 'MESSAGE', 'dbd73e0c-65ed-44d7-9f15-b30fd7ce0826');
INSERT INTO `call_flow_element` (`id`,`created_date`,`updated_date`,`ivr_id`,`ivr_name` ,`content`,`list_order`,`name`,`type`,`unit_id`) VALUES ('8751db52-0930-449d-99fa-a71f1ead9978', '2018-02-24 13:56:23', '2018-04-27 16:33:40', '10637351', NULL, NULL, 9, 'q3', 'QUESTION', 'dbd73e0c-65ed-44d7-9f15-b30fd7ce0826');
INSERT INTO `call_flow_element` (`id`,`created_date`,`updated_date`,`ivr_id`,`ivr_name` ,`content`,`list_order`,`name`,`type`,`unit_id`) VALUES ('88cfdde5-6e69-4fc2-a370-3fca85de0e01', '2018-02-24 13:56:23', '2018-04-27 16:33:40', '10637352', NULL, NULL, 10, 'q3 response', 'MESSAGE', 'dbd73e0c-65ed-44d7-9f15-b30fd7ce0826');
INSERT INTO `call_flow_element` (`id`,`created_date`,`updated_date`,`ivr_id`,`ivr_name` ,`content`,`list_order`,`name`,`type`,`unit_id`) VALUES ('87a3e3de-44e5-4351-83be-bd79efa8879b', '2018-02-24 13:56:23', '2018-04-27 16:33:40', '10637353', NULL, NULL, 11, 'q4', 'QUESTION', 'dbd73e0c-65ed-44d7-9f15-b30fd7ce0826');
INSERT INTO `call_flow_element` (`id`,`created_date`,`updated_date`,`ivr_id`,`ivr_name` ,`content`,`list_order`,`name`,`type`,`unit_id`) VALUES ('8938f63a-4d9e-43ab-9de5-d5a76902fbf4', '2018-02-24 13:56:23', '2018-04-27 16:33:40', '10637354', NULL, NULL, 12, 'q4 response', 'MESSAGE', 'dbd73e0c-65ed-44d7-9f15-b30fd7ce0826');
INSERT INTO `call_flow_element` (`id`,`created_date`,`updated_date`,`ivr_id`,`ivr_name` ,`content`,`list_order`,`name`,`type`,`unit_id`) VALUES ('798fa860-fe26-40d3-844f-1abe66122e80', '2018-02-24 14:00:19', '2018-04-27 16:36:03', '10637502', NULL, NULL, 0, 'intro', 'MESSAGE', 'ebbd65b8-5e82-4abf-bdad-630482b16b6d');
INSERT INTO `call_flow_element` (`id`,`created_date`,`updated_date`,`ivr_id`,`ivr_name` ,`content`,`list_order`,`name`,`type`,`unit_id`) VALUES ('12edd996-3af1-4656-b7b4-f971c49410e5', '2018-02-24 14:00:19', '2018-04-27 16:36:03', '10637503', NULL, NULL, 1, 'm1', 'MESSAGE', 'ebbd65b8-5e82-4abf-bdad-630482b16b6d');
INSERT INTO `call_flow_element` (`id`,`created_date`,`updated_date`,`ivr_id`,`ivr_name` ,`content`,`list_order`,`name`,`type`,`unit_id`) VALUES ('e5ce6175-4f81-4223-8b36-d6848644d12d', '2018-02-24 14:00:19', '2018-04-27 16:36:03', '10637504', NULL, NULL, 2, 'm2', 'MESSAGE', 'ebbd65b8-5e82-4abf-bdad-630482b16b6d');
INSERT INTO `call_flow_element` (`id`,`created_date`,`updated_date`,`ivr_id`,`ivr_name` ,`content`,`list_order`,`name`,`type`,`unit_id`) VALUES ('fcdec4df-e60f-4cd6-9de0-b0e0cabf029d', '2018-02-24 14:00:19', '2018-04-27 16:36:03', '10637505', NULL, NULL, 3, 'm3', 'MESSAGE', 'ebbd65b8-5e82-4abf-bdad-630482b16b6d');
INSERT INTO `call_flow_element` (`id`,`created_date`,`updated_date`,`ivr_id`,`ivr_name` ,`content`,`list_order`,`name`,`type`,`unit_id`) VALUES ('22b25e58-00eb-4b80-88ca-ca97e9a1eee7', '2018-02-24 14:00:19', '2018-04-27 16:36:03', '10637506', NULL, NULL, 4, 'm4', 'MESSAGE', 'ebbd65b8-5e82-4abf-bdad-630482b16b6d');
INSERT INTO `call_flow_element` (`id`,`created_date`,`updated_date`,`ivr_id`,`ivr_name` ,`content`,`list_order`,`name`,`type`,`unit_id`) VALUES ('231dec7e-c75f-4f2b-a78d-9ae64a71a970', '2018-02-24 14:00:19', '2018-04-27 16:36:03', '10637507', NULL, NULL, 5, 'q1', 'QUESTION', 'ebbd65b8-5e82-4abf-bdad-630482b16b6d');
INSERT INTO `call_flow_element` (`id`,`created_date`,`updated_date`,`ivr_id`,`ivr_name` ,`content`,`list_order`,`name`,`type`,`unit_id`) VALUES ('6a50503e-48f8-4b35-9604-5274ecfe575e', '2018-02-24 14:00:19', '2018-04-27 16:36:03', '10637508', NULL, NULL, 6, 'q1 response', 'MESSAGE', 'ebbd65b8-5e82-4abf-bdad-630482b16b6d');
INSERT INTO `call_flow_element` (`id`,`created_date`,`updated_date`,`ivr_id`,`ivr_name` ,`content`,`list_order`,`name`,`type`,`unit_id`) VALUES ('b809c4fa-7382-4cd4-82c4-f6c1df25a0d3', '2018-02-24 14:00:19', '2018-04-27 16:36:03', '10637509', NULL, NULL, 7, 'q2', 'QUESTION', 'ebbd65b8-5e82-4abf-bdad-630482b16b6d');
INSERT INTO `call_flow_element` (`id`,`created_date`,`updated_date`,`ivr_id`,`ivr_name` ,`content`,`list_order`,`name`,`type`,`unit_id`) VALUES ('2302cf12-4bd7-4321-a786-40479d8dddff', '2018-02-24 14:00:19', '2018-04-27 16:36:03', '10637510', NULL, NULL, 8, 'q2 response', 'MESSAGE', 'ebbd65b8-5e82-4abf-bdad-630482b16b6d');
INSERT INTO `call_flow_element` (`id`,`created_date`,`updated_date`,`ivr_id`,`ivr_name` ,`content`,`list_order`,`name`,`type`,`unit_id`) VALUES ('894931ba-47d1-418b-874c-4b4c00306e9b', '2018-02-24 14:00:19', '2018-04-27 16:36:03', '10637511', NULL, NULL, 9, 'q3', 'QUESTION', 'ebbd65b8-5e82-4abf-bdad-630482b16b6d');
INSERT INTO `call_flow_element` (`id`,`created_date`,`updated_date`,`ivr_id`,`ivr_name` ,`content`,`list_order`,`name`,`type`,`unit_id`) VALUES ('93498e23-18b9-4ea6-931d-50eee4917551', '2018-02-24 14:00:19', '2018-04-27 16:36:03', '10637512', NULL, NULL, 10, 'q3 response', 'MESSAGE', 'ebbd65b8-5e82-4abf-bdad-630482b16b6d');
INSERT INTO `call_flow_element` (`id`,`created_date`,`updated_date`,`ivr_id`,`ivr_name` ,`content`,`list_order`,`name`,`type`,`unit_id`) VALUES ('899d0548-cdfc-4148-90f0-1ce613d69259', '2018-02-24 14:00:19', '2018-04-27 16:36:03', '10637513', NULL, NULL, 11, 'q4', 'QUESTION', 'ebbd65b8-5e82-4abf-bdad-630482b16b6d');
INSERT INTO `call_flow_element` (`id`,`created_date`,`updated_date`,`ivr_id`,`ivr_name` ,`content`,`list_order`,`name`,`type`,`unit_id`) VALUES ('936f7e67-65ea-45b1-a54b-88d66554008f', '2018-02-24 14:00:19', '2018-04-27 16:36:03', '10637514', NULL, NULL, 12, 'q4 response', 'MESSAGE', 'ebbd65b8-5e82-4abf-bdad-630482b16b6d');

INSERT INTO `call_flow_element` (`id`,`created_date`,`updated_date`,`ivr_id`,`ivr_name` ,`content`,`list_order`,`name`,`type`,`unit_id`) VALUES ('87ef874c-17d3-490b-b34a-defd366af9bd', '2018-05-08 13:47:16', '2018-05-08 13:47:16', '10756423', NULL, NULL, 0, 'intro', 'MESSAGE', 'ff4265ef-116d-415c-bcb5-918cd75b8f59');
INSERT INTO `call_flow_element` (`id`,`created_date`,`updated_date`,`ivr_id`,`ivr_name` ,`content`,`list_order`,`name`,`type`,`unit_id`) VALUES ('d28e889c-2501-46f0-be25-b1b16307283a', '2018-05-08 13:47:16', '2018-05-08 13:47:16', '10756426', NULL, NULL, 1, 'q1', 'QUESTION', 'ff4265ef-116d-415c-bcb5-918cd75b8f59');
INSERT INTO `call_flow_element` (`id`,`created_date`,`updated_date`,`ivr_id`,`ivr_name` ,`content`,`list_order`,`name`,`type`,`unit_id`) VALUES ('cf8fe406-a05c-422a-83b1-8e8f095cbfd2', '2018-05-08 13:47:16', '2018-05-08 13:47:16', '10756430', NULL, NULL, 2, 'q2', 'QUESTION', 'ff4265ef-116d-415c-bcb5-918cd75b8f59');
INSERT INTO `call_flow_element` (`id`,`created_date`,`updated_date`,`ivr_id`,`ivr_name` ,`content`,`list_order`,`name`,`type`,`unit_id`) VALUES ('6f53ec27-643e-4a84-a7ae-75c7505597bd', '2018-05-08 13:47:16', '2018-05-08 13:47:16', '10756433', NULL, NULL, 3, 'q3', 'QUESTION', 'ff4265ef-116d-415c-bcb5-918cd75b8f59');
INSERT INTO `call_flow_element` (`id`,`created_date`,`updated_date`,`ivr_id`,`ivr_name` ,`content`,`list_order`,`name`,`type`,`unit_id`) VALUES ('4c24d922-4951-49f0-8444-49181d4bb25c', '2018-05-08 13:47:16', '2018-05-08 13:47:16', '10756437', NULL, NULL, 4, 'q4', 'QUESTION', 'ff4265ef-116d-415c-bcb5-918cd75b8f59');
INSERT INTO `call_flow_element` (`id`,`created_date`,`updated_date`,`ivr_id`,`ivr_name` ,`content`,`list_order`,`name`,`type`,`unit_id`) VALUES ('9780a224-7a89-4bf7-ba6d-3296ee635924', '2018-05-08 13:47:16', '2018-05-08 13:47:16', '10756438', NULL, NULL, 5, 'q5', 'QUESTION', 'ff4265ef-116d-415c-bcb5-918cd75b8f59');
INSERT INTO `call_flow_element` (`id`,`created_date`,`updated_date`,`ivr_id`,`ivr_name` ,`content`,`list_order`,`name`,`type`,`unit_id`) VALUES ('c5172a7a-41cf-46d4-8d57-fe3a89e426ab', '2018-05-08 13:47:16', '2018-05-08 13:47:16', '10756439', NULL, NULL, 6, 'q6', 'QUESTION', 'ff4265ef-116d-415c-bcb5-918cd75b8f59');
INSERT INTO `call_flow_element` (`id`,`created_date`,`updated_date`,`ivr_id`,`ivr_name` ,`content`,`list_order`,`name`,`type`,`unit_id`) VALUES ('f84b7319-dc79-4544-989e-c476b082b6d9', '2018-05-08 13:47:16', '2018-05-08 13:47:16', '10756440', NULL, NULL, 7, 'q7', 'QUESTION', 'ff4265ef-116d-415c-bcb5-918cd75b8f59');
INSERT INTO `call_flow_element` (`id`,`created_date`,`updated_date`,`ivr_id`,`ivr_name` ,`content`,`list_order`,`name`,`type`,`unit_id`) VALUES ('a4bfe671-65f0-471f-ab2d-adb7f0421e8c', '2018-05-08 13:47:16', '2018-05-08 13:47:16', '10756443', NULL, NULL, 8, 'q8', 'QUESTION', 'ff4265ef-116d-415c-bcb5-918cd75b8f59');
INSERT INTO `call_flow_element` (`id`,`created_date`,`updated_date`,`ivr_id`,`ivr_name` ,`content`,`list_order`,`name`,`type`,`unit_id`) VALUES ('98aa90df-d73b-41c9-aaca-18128257180f', '2018-05-08 13:47:16', '2018-05-08 13:47:16', '10756444', NULL, NULL, 9, 'q9', 'QUESTION', 'ff4265ef-116d-415c-bcb5-918cd75b8f59');
INSERT INTO `call_flow_element` (`id`,`created_date`,`updated_date`,`ivr_id`,`ivr_name` ,`content`,`list_order`,`name`,`type`,`unit_id`) VALUES ('99464f99-cb7e-4323-9105-b128407eca39', '2018-05-08 13:47:16', '2018-05-08 13:47:16', '10756445', NULL, NULL, 10, 'q10', 'QUESTION', 'ff4265ef-116d-415c-bcb5-918cd75b8f59');
INSERT INTO `call_flow_element` (`id`,`created_date`,`updated_date`,`ivr_id`,`ivr_name` ,`content`,`list_order`,`name`,`type`,`unit_id`) VALUES ('dbf7f12a-8cf9-479f-9e48-f18a701222e1', '2018-05-08 13:47:16', '2018-05-08 13:47:16', '10756446', NULL, NULL, 11, 'q11', 'QUESTION', 'ff4265ef-116d-415c-bcb5-918cd75b8f59');
INSERT INTO `call_flow_element` (`id`,`created_date`,`updated_date`,`ivr_id`,`ivr_name` ,`content`,`list_order`,`name`,`type`,`unit_id`) VALUES ('d45d7068-66f5-44c9-addf-3fdcd6128587', '2018-05-08 13:47:16', '2018-05-08 13:47:16', '10756449', NULL, NULL, 12, 'q12', 'QUESTION', 'ff4265ef-116d-415c-bcb5-918cd75b8f59');
INSERT INTO `call_flow_element` (`id`,`created_date`,`updated_date`,`ivr_id`,`ivr_name` ,`content`,`list_order`,`name`,`type`,`unit_id`) VALUES ('6ddf85c1-f913-4e73-8b55-fdaad7b97675', '2018-05-08 13:47:16', '2018-05-08 13:47:16', '10756450', NULL, NULL, 13, 'q13', 'QUESTION', 'ff4265ef-116d-415c-bcb5-918cd75b8f59');
INSERT INTO `call_flow_element` (`id`,`created_date`,`updated_date`,`ivr_id`,`ivr_name` ,`content`,`list_order`,`name`,`type`,`unit_id`) VALUES ('0be2a02d-4e02-42c0-bce8-01b4ffa16425', '2018-05-08 13:47:16', '2018-05-08 13:47:16', '10756451', NULL, NULL, 14, 'q14', 'QUESTION', 'ff4265ef-116d-415c-bcb5-918cd75b8f59');
INSERT INTO `call_flow_element` (`id`,`created_date`,`updated_date`,`ivr_id`,`ivr_name` ,`content`,`list_order`,`name`,`type`,`unit_id`) VALUES ('8c6d2ac3-ee90-48fd-a798-1f787b0ec77c', '2018-05-08 13:47:16', '2018-05-08 13:47:16', '10756452', NULL, NULL, 15, 'q15', 'QUESTION', 'ff4265ef-116d-415c-bcb5-918cd75b8f59');
INSERT INTO `call_flow_element` (`id`,`created_date`,`updated_date`,`ivr_id`,`ivr_name` ,`content`,`list_order`,`name`,`type`,`unit_id`) VALUES ('e2b1fc16-c4e0-4ce6-ac56-2301c510e788', '2018-05-08 13:47:16', '2018-05-08 13:47:16', '10756454', NULL, NULL, 16, 'q16', 'QUESTION', 'ff4265ef-116d-415c-bcb5-918cd75b8f59');
INSERT INTO `call_flow_element` (`id`,`created_date`,`updated_date`,`ivr_id`,`ivr_name` ,`content`,`list_order`,`name`,`type`,`unit_id`) VALUES ('eab56da3-c02f-4ae7-bafd-9474e070ec98', '2018-05-08 13:47:16', '2018-05-08 13:47:16', '10756455', NULL, NULL, 17, 'q17', 'QUESTION', 'ff4265ef-116d-415c-bcb5-918cd75b8f59');
INSERT INTO `call_flow_element` (`id`,`created_date`,`updated_date`,`ivr_id`,`ivr_name` ,`content`,`list_order`,`name`,`type`,`unit_id`) VALUES ('ebba3a85-54dc-4138-aa22-fb2569ef24ca', '2018-05-08 13:47:16', '2018-05-08 13:47:16', '10756456', NULL, NULL, 18, 'q18', 'QUESTION', 'ff4265ef-116d-415c-bcb5-918cd75b8f59');
INSERT INTO `call_flow_element` (`id`,`created_date`,`updated_date`,`ivr_id`,`ivr_name` ,`content`,`list_order`,`name`,`type`,`unit_id`) VALUES ('df0db90f-ecf9-4514-ba42-d28be050abb1', '2018-05-08 13:47:16', '2018-05-08 13:47:16', '10756458', NULL, NULL, 19, 'q19', 'QUESTION', 'ff4265ef-116d-415c-bcb5-918cd75b8f59');
INSERT INTO `call_flow_element` (`id`,`created_date`,`updated_date`,`ivr_id`,`ivr_name` ,`content`,`list_order`,`name`,`type`,`unit_id`) VALUES ('b16e347a-1511-44d1-b0da-ae8e94a6faf6', '2018-05-08 13:47:16', '2018-05-08 13:47:16', '10756459', NULL, NULL, 20, 'q20', 'QUESTION', 'ff4265ef-116d-415c-bcb5-918cd75b8f59');
INSERT INTO `call_flow_element` (`id`,`created_date`,`updated_date`,`ivr_id`,`ivr_name` ,`content`,`list_order`,`name`,`type`,`unit_id`) VALUES ('88e1551e-c213-4410-b7bc-fff90bffb767', '2018-05-08 14:03:03', '2018-05-08 14:44:13', '10760197', NULL, NULL, 0, 'intro', 'MESSAGE', 'ecffe8a4-4e47-4d53-a840-5e11543a3cee');
INSERT INTO `call_flow_element` (`id`,`created_date`,`updated_date`,`ivr_id`,`ivr_name` ,`content`,`list_order`,`name`,`type`,`unit_id`) VALUES ('2e4bc41d-e674-4a55-bad3-dd498a3fabba', '2018-05-08 14:03:03', '2018-05-08 14:44:13', '10760198', NULL, NULL, 1, 'm1', 'MESSAGE', 'ecffe8a4-4e47-4d53-a840-5e11543a3cee');
INSERT INTO `call_flow_element` (`id`,`created_date`,`updated_date`,`ivr_id`,`ivr_name` ,`content`,`list_order`,`name`,`type`,`unit_id`) VALUES ('99f43e9b-e55f-48da-8aa0-ed69e41667a3', '2018-05-08 14:03:03', '2018-05-08 14:44:13', '10760199', NULL, NULL, 2, 'm2', 'MESSAGE', 'ecffe8a4-4e47-4d53-a840-5e11543a3cee');
INSERT INTO `call_flow_element` (`id`,`created_date`,`updated_date`,`ivr_id`,`ivr_name` ,`content`,`list_order`,`name`,`type`,`unit_id`) VALUES ('b8eb5002-2043-4206-bd02-f35f6c364e1b', '2018-05-08 14:03:03', '2018-05-08 14:44:13', '10760200', NULL, NULL, 3, 'm3', 'MESSAGE', 'ecffe8a4-4e47-4d53-a840-5e11543a3cee');
INSERT INTO `call_flow_element` (`id`,`created_date`,`updated_date`,`ivr_id`,`ivr_name` ,`content`,`list_order`,`name`,`type`,`unit_id`) VALUES ('a2c56d5f-8ea7-4eb9-b4c9-340bcb013b5a', '2018-05-08 14:03:03', '2018-05-08 14:44:13', '10760201', NULL, NULL, 4, 'm4', 'MESSAGE', 'ecffe8a4-4e47-4d53-a840-5e11543a3cee');
INSERT INTO `call_flow_element` (`id`,`created_date`,`updated_date`,`ivr_id`,`ivr_name` ,`content`,`list_order`,`name`,`type`,`unit_id`) VALUES ('4a9836d5-a621-4a8d-9899-054c8bc48201', '2018-05-08 14:03:03', '2018-05-08 14:44:13', '10760202', NULL, NULL, 5, 'm5', 'MESSAGE', 'ecffe8a4-4e47-4d53-a840-5e11543a3cee');
INSERT INTO `call_flow_element` (`id`,`created_date`,`updated_date`,`ivr_id`,`ivr_name` ,`content`,`list_order`,`name`,`type`,`unit_id`) VALUES ('dc7a916d-8322-4215-8696-cd8e72ad776b', '2018-05-08 14:03:03', '2018-05-08 14:44:13', '10760203', NULL, NULL, 6, 'm6', 'MESSAGE', 'ecffe8a4-4e47-4d53-a840-5e11543a3cee');
INSERT INTO `call_flow_element` (`id`,`created_date`,`updated_date`,`ivr_id`,`ivr_name` ,`content`,`list_order`,`name`,`type`,`unit_id`) VALUES ('debe2d05-f2bb-4579-852d-b9a52063ee28', '2018-05-08 14:03:03', '2018-05-08 14:44:13', '10760204', NULL, NULL, 7, 'm7', 'MESSAGE', 'ecffe8a4-4e47-4d53-a840-5e11543a3cee');
INSERT INTO `call_flow_element` (`id`,`created_date`,`updated_date`,`ivr_id`,`ivr_name` ,`content`,`list_order`,`name`,`type`,`unit_id`) VALUES ('55e23a11-00d5-44d1-bf1a-f4948485bcde', '2018-05-08 14:03:03', '2018-05-08 14:44:13', '10760205', NULL, NULL, 8, 'q1', 'QUESTION', 'ecffe8a4-4e47-4d53-a840-5e11543a3cee');
INSERT INTO `call_flow_element` (`id`,`created_date`,`updated_date`,`ivr_id`,`ivr_name` ,`content`,`list_order`,`name`,`type`,`unit_id`) VALUES ('e73d3d3e-04b9-4c5e-b4d2-8d064ff4f66e', '2018-05-08 14:03:03', '2018-05-08 14:44:13', '10760206', NULL, NULL, 9, 'q1 response', 'MESSAGE', 'ecffe8a4-4e47-4d53-a840-5e11543a3cee');
INSERT INTO `call_flow_element` (`id`,`created_date`,`updated_date`,`ivr_id`,`ivr_name` ,`content`,`list_order`,`name`,`type`,`unit_id`) VALUES ('e59d70e3-01bf-48be-84d0-9dafa98c1629', '2018-05-08 14:03:03', '2018-05-08 14:44:13', '10760207', NULL, NULL, 10, 'q2', 'QUESTION', 'ecffe8a4-4e47-4d53-a840-5e11543a3cee');
INSERT INTO `call_flow_element` (`id`,`created_date`,`updated_date`,`ivr_id`,`ivr_name` ,`content`,`list_order`,`name`,`type`,`unit_id`) VALUES ('3e9d6127-87b4-4aa5-baf4-593f693bcc9b', '2018-05-08 14:03:03', '2018-05-08 14:44:13', '10760208', NULL, NULL, 11, 'q2 response', 'MESSAGE', 'ecffe8a4-4e47-4d53-a840-5e11543a3cee');
INSERT INTO `call_flow_element` (`id`,`created_date`,`updated_date`,`ivr_id`,`ivr_name` ,`content`,`list_order`,`name`,`type`,`unit_id`) VALUES ('f45cb160-6c9c-46f4-bb38-17d90f784498', '2018-05-08 14:03:03', '2018-05-08 14:44:13', '10760209', NULL, NULL, 12, 'q3', 'QUESTION', 'ecffe8a4-4e47-4d53-a840-5e11543a3cee');
INSERT INTO `call_flow_element` (`id`,`created_date`,`updated_date`,`ivr_id`,`ivr_name` ,`content`,`list_order`,`name`,`type`,`unit_id`) VALUES ('8b939c3c-a649-4bcc-9765-892cc20b4b60', '2018-05-08 14:03:03', '2018-05-08 14:44:13', '10760210', NULL, NULL, 13, 'q3 response', 'MESSAGE', 'ecffe8a4-4e47-4d53-a840-5e11543a3cee');
INSERT INTO `call_flow_element` (`id`,`created_date`,`updated_date`,`ivr_id`,`ivr_name` ,`content`,`list_order`,`name`,`type`,`unit_id`) VALUES ('a2354cd8-7a91-406c-8cb6-fd4dded13403', '2018-05-08 14:27:34', '2018-05-08 14:44:13', '10760214', NULL, NULL, 0, 'intro', 'MESSAGE', '6537840a-6205-4d16-90d9-7fc3fc1b3014');
INSERT INTO `call_flow_element` (`id`,`created_date`,`updated_date`,`ivr_id`,`ivr_name` ,`content`,`list_order`,`name`,`type`,`unit_id`) VALUES ('9f19fc6e-e909-48a2-b041-51fa0646b57b', '2018-05-08 14:27:34', '2018-05-08 14:44:13', '10760215', NULL, NULL, 1, 'm1', 'MESSAGE', '6537840a-6205-4d16-90d9-7fc3fc1b3014');
INSERT INTO `call_flow_element` (`id`,`created_date`,`updated_date`,`ivr_id`,`ivr_name` ,`content`,`list_order`,`name`,`type`,`unit_id`) VALUES ('0f1128fb-93a6-4095-bcfe-9ce077daac6c', '2018-05-08 14:27:34', '2018-05-08 14:44:13', '10760216', NULL, NULL, 2, 'm2', 'MESSAGE', '6537840a-6205-4d16-90d9-7fc3fc1b3014');
INSERT INTO `call_flow_element` (`id`,`created_date`,`updated_date`,`ivr_id`,`ivr_name` ,`content`,`list_order`,`name`,`type`,`unit_id`) VALUES ('d4f31df0-694b-474e-80d1-d36a0371b4ca', '2018-05-08 14:27:34', '2018-05-08 14:44:13', '10760217', NULL, NULL, 3, 'm3', 'MESSAGE', '6537840a-6205-4d16-90d9-7fc3fc1b3014');
INSERT INTO `call_flow_element` (`id`,`created_date`,`updated_date`,`ivr_id`,`ivr_name` ,`content`,`list_order`,`name`,`type`,`unit_id`) VALUES ('37a2fc20-088b-4e08-80d8-5545a14aadc5', '2018-05-08 14:27:34', '2018-05-08 14:44:13', '10760218', NULL, NULL, 4, 'm4', 'MESSAGE', '6537840a-6205-4d16-90d9-7fc3fc1b3014');
INSERT INTO `call_flow_element` (`id`,`created_date`,`updated_date`,`ivr_id`,`ivr_name` ,`content`,`list_order`,`name`,`type`,`unit_id`) VALUES ('1c225b8d-4a6e-4be6-be94-1e09ca4f326f', '2018-05-08 14:27:34', '2018-05-08 14:44:13', '10760219', NULL, NULL, 5, 'm5', 'MESSAGE', '6537840a-6205-4d16-90d9-7fc3fc1b3014');
INSERT INTO `call_flow_element` (`id`,`created_date`,`updated_date`,`ivr_id`,`ivr_name` ,`content`,`list_order`,`name`,`type`,`unit_id`) VALUES ('cfe024bb-9049-48fb-ba5b-2c030703b3c5', '2018-05-08 14:27:34', '2018-05-08 14:44:13', '10760220', NULL, NULL, 6, 'm6', 'MESSAGE', '6537840a-6205-4d16-90d9-7fc3fc1b3014');
INSERT INTO `call_flow_element` (`id`,`created_date`,`updated_date`,`ivr_id`,`ivr_name` ,`content`,`list_order`,`name`,`type`,`unit_id`) VALUES ('7a28b73f-dd65-463d-a272-3060f3e29255', '2018-05-08 14:27:34', '2018-05-08 14:44:13', '10760221', NULL, NULL, 7, 'm7', 'MESSAGE', '6537840a-6205-4d16-90d9-7fc3fc1b3014');
INSERT INTO `call_flow_element` (`id`,`created_date`,`updated_date`,`ivr_id`,`ivr_name` ,`content`,`list_order`,`name`,`type`,`unit_id`) VALUES ('b4f46782-193c-4380-86a4-e446ffd6836d', '2018-05-08 14:27:34', '2018-05-08 14:44:13', '10760222', NULL, NULL, 8, 'm8', 'MESSAGE', '6537840a-6205-4d16-90d9-7fc3fc1b3014');
INSERT INTO `call_flow_element` (`id`,`created_date`,`updated_date`,`ivr_id`,`ivr_name` ,`content`,`list_order`,`name`,`type`,`unit_id`) VALUES ('24e9e85b-5a0c-4cdc-8c95-87805da19c7b', '2018-05-08 14:27:34', '2018-05-08 14:44:13', '10760236', NULL, NULL, 9, 'm9', 'MESSAGE', '6537840a-6205-4d16-90d9-7fc3fc1b3014');
INSERT INTO `call_flow_element` (`id`,`created_date`,`updated_date`,`ivr_id`,`ivr_name` ,`content`,`list_order`,`name`,`type`,`unit_id`) VALUES ('3ab02390-2e2b-4016-8b0e-57d510bac425', '2018-05-08 14:27:34', '2018-05-08 14:44:13', '10760237', NULL, NULL, 10, 'm10', 'MESSAGE', '6537840a-6205-4d16-90d9-7fc3fc1b3014');
INSERT INTO `call_flow_element` (`id`,`created_date`,`updated_date`,`ivr_id`,`ivr_name` ,`content`,`list_order`,`name`,`type`,`unit_id`) VALUES ('2ab8d716-948e-4937-86c8-ac901e02c13e', '2018-05-08 14:27:34', '2018-05-08 14:44:13', '10760238', NULL, NULL, 11, 'm11', 'MESSAGE', '6537840a-6205-4d16-90d9-7fc3fc1b3014');
INSERT INTO `call_flow_element` (`id`,`created_date`,`updated_date`,`ivr_id`,`ivr_name` ,`content`,`list_order`,`name`,`type`,`unit_id`) VALUES ('60c0224d-8bbe-4a6e-b3ba-cf447e8c0892', '2018-05-08 14:27:34', '2018-05-08 14:44:13', '10760239', NULL, NULL, 12, 'm12', 'MESSAGE', '6537840a-6205-4d16-90d9-7fc3fc1b3014');
INSERT INTO `call_flow_element` (`id`,`created_date`,`updated_date`,`ivr_id`,`ivr_name` ,`content`,`list_order`,`name`,`type`,`unit_id`) VALUES ('cb16823e-0709-47e0-8639-bc943e9d077a', '2018-05-08 14:27:34', '2018-05-08 14:44:13', '10760240', NULL, NULL, 13, 'm13', 'MESSAGE', '6537840a-6205-4d16-90d9-7fc3fc1b3014');
INSERT INTO `call_flow_element` (`id`,`created_date`,`updated_date`,`ivr_id`,`ivr_name` ,`content`,`list_order`,`name`,`type`,`unit_id`) VALUES ('401d3659-e47a-4b16-9e4b-4b8aa4d5177c', '2018-05-08 14:27:34', '2018-05-08 14:44:13', '10760241', NULL, NULL, 14, 'm14', 'MESSAGE', '6537840a-6205-4d16-90d9-7fc3fc1b3014');
INSERT INTO `call_flow_element` (`id`,`created_date`,`updated_date`,`ivr_id`,`ivr_name` ,`content`,`list_order`,`name`,`type`,`unit_id`) VALUES ('655d9123-121d-4549-b215-aa12ed3d7e00', '2018-05-08 14:27:34', '2018-05-08 14:44:13', '10760223', NULL, NULL, 15, 'q1', 'QUESTION', '6537840a-6205-4d16-90d9-7fc3fc1b3014');
INSERT INTO `call_flow_element` (`id`,`created_date`,`updated_date`,`ivr_id`,`ivr_name` ,`content`,`list_order`,`name`,`type`,`unit_id`) VALUES ('22faf57b-80eb-4030-a1a6-56501a1a789e', '2018-05-08 14:27:34', '2018-05-08 14:44:13', '10760224', NULL, NULL, 16, 'q1 response', 'MESSAGE', '6537840a-6205-4d16-90d9-7fc3fc1b3014');
INSERT INTO `call_flow_element` (`id`,`created_date`,`updated_date`,`ivr_id`,`ivr_name` ,`content`,`list_order`,`name`,`type`,`unit_id`) VALUES ('a8543d48-a62c-455a-b6d4-820bc5fbdd9c', '2018-05-08 14:27:34', '2018-05-08 14:44:13', '10760225', NULL, NULL, 17, 'q2', 'QUESTION', '6537840a-6205-4d16-90d9-7fc3fc1b3014');
INSERT INTO `call_flow_element` (`id`,`created_date`,`updated_date`,`ivr_id`,`ivr_name` ,`content`,`list_order`,`name`,`type`,`unit_id`) VALUES ('2889faca-20bc-45fc-a59e-b44bfcaa5f30', '2018-05-08 14:27:34', '2018-05-08 14:44:13', '10760226', NULL, NULL, 18, 'q2 response', 'MESSAGE', '6537840a-6205-4d16-90d9-7fc3fc1b3014');
INSERT INTO `call_flow_element` (`id`,`created_date`,`updated_date`,`ivr_id`,`ivr_name` ,`content`,`list_order`,`name`,`type`,`unit_id`) VALUES ('436dfdbb-d60c-417b-97ca-c9437013f45e', '2018-05-08 14:27:34', '2018-05-08 14:44:13', '10760227', NULL, NULL, 19, 'q3', 'QUESTION', '6537840a-6205-4d16-90d9-7fc3fc1b3014');
INSERT INTO `call_flow_element` (`id`,`created_date`,`updated_date`,`ivr_id`,`ivr_name` ,`content`,`list_order`,`name`,`type`,`unit_id`) VALUES ('56fc476d-ef0a-4b04-9897-aeeee4b6e646', '2018-05-08 14:27:34', '2018-05-08 14:44:13', '10760228', NULL, NULL, 20, 'q3 response', 'MESSAGE', '6537840a-6205-4d16-90d9-7fc3fc1b3014');
INSERT INTO `call_flow_element` (`id`,`created_date`,`updated_date`,`ivr_id`,`ivr_name` ,`content`,`list_order`,`name`,`type`,`unit_id`) VALUES ('210f64ef-95a6-4a42-b291-6ce8d44dd7fe', '2018-05-08 14:27:34', '2018-05-08 14:44:13', '10760229', NULL, NULL, 21, 'q4', 'QUESTION', '6537840a-6205-4d16-90d9-7fc3fc1b3014');
INSERT INTO `call_flow_element` (`id`,`created_date`,`updated_date`,`ivr_id`,`ivr_name` ,`content`,`list_order`,`name`,`type`,`unit_id`) VALUES ('de1a65c3-0df0-4d27-b97b-f8461d6e2fda', '2018-05-08 14:27:34', '2018-05-08 14:44:13', '10760230', NULL, NULL, 22, 'q4 response', 'MESSAGE', '6537840a-6205-4d16-90d9-7fc3fc1b3014');
INSERT INTO `call_flow_element` (`id`,`created_date`,`updated_date`,`ivr_id`,`ivr_name` ,`content`,`list_order`,`name`,`type`,`unit_id`) VALUES ('355c6874-30e9-4dc9-b597-ad25ab571255', '2018-05-08 14:27:34', '2018-05-08 14:44:13', '10760231', NULL, NULL, 23, 'q5', 'QUESTION', '6537840a-6205-4d16-90d9-7fc3fc1b3014');
INSERT INTO `call_flow_element` (`id`,`created_date`,`updated_date`,`ivr_id`,`ivr_name` ,`content`,`list_order`,`name`,`type`,`unit_id`) VALUES ('efbb3583-479f-48dc-af33-d6a71b6b1fec', '2018-05-08 14:27:34', '2018-05-08 14:44:13', '10760232', NULL, NULL, 24, 'q5 response', 'MESSAGE', '6537840a-6205-4d16-90d9-7fc3fc1b3014');
INSERT INTO `call_flow_element` (`id`,`created_date`,`updated_date`,`ivr_id`,`ivr_name` ,`content`,`list_order`,`name`,`type`,`unit_id`) VALUES ('45d4d3be-9841-4358-b485-963224a44b10', '2018-05-08 14:27:34', '2018-05-08 14:44:13', '10760589', NULL, NULL, 0, 'intro', 'MESSAGE', 'e7eaab73-ce72-40f3-a3ca-6f62a3e1f45e');
INSERT INTO `call_flow_element` (`id`,`created_date`,`updated_date`,`ivr_id`,`ivr_name` ,`content`,`list_order`,`name`,`type`,`unit_id`) VALUES ('db17f9b2-4075-45c5-8e76-89ec9df0df28', '2018-05-08 14:27:34', '2018-05-08 14:44:13', '10760590', NULL, NULL, 1, 'm1', 'MESSAGE', 'e7eaab73-ce72-40f3-a3ca-6f62a3e1f45e');
INSERT INTO `call_flow_element` (`id`,`created_date`,`updated_date`,`ivr_id`,`ivr_name` ,`content`,`list_order`,`name`,`type`,`unit_id`) VALUES ('6ade0a7a-4016-4b48-8177-130a0ed385ca', '2018-05-08 14:27:34', '2018-05-08 14:44:13', '10760591', NULL, NULL, 2, 'm2', 'MESSAGE', 'e7eaab73-ce72-40f3-a3ca-6f62a3e1f45e');
INSERT INTO `call_flow_element` (`id`,`created_date`,`updated_date`,`ivr_id`,`ivr_name` ,`content`,`list_order`,`name`,`type`,`unit_id`) VALUES ('005e7385-8dd4-4799-94cc-68a3b9e3e3e8', '2018-05-08 14:27:34', '2018-05-08 14:44:13', '10760592', NULL, NULL, 3, 'm3', 'MESSAGE', 'e7eaab73-ce72-40f3-a3ca-6f62a3e1f45e');
INSERT INTO `call_flow_element` (`id`,`created_date`,`updated_date`,`ivr_id`,`ivr_name` ,`content`,`list_order`,`name`,`type`,`unit_id`) VALUES ('1551ec9e-0e9c-4b01-ab07-b9a54c420c19', '2018-05-08 14:27:34', '2018-05-08 14:44:13', '10760593', NULL, NULL, 4, 'q1', 'QUESTION', 'e7eaab73-ce72-40f3-a3ca-6f62a3e1f45e');
INSERT INTO `call_flow_element` (`id`,`created_date`,`updated_date`,`ivr_id`,`ivr_name` ,`content`,`list_order`,`name`,`type`,`unit_id`) VALUES ('260a6f39-be10-44b6-a856-68c79c130756', '2018-05-08 14:27:34', '2018-05-08 14:44:13', '10760594', NULL, NULL, 5, 'q1 response', 'MESSAGE', 'e7eaab73-ce72-40f3-a3ca-6f62a3e1f45e');
INSERT INTO `call_flow_element` (`id`,`created_date`,`updated_date`,`ivr_id`,`ivr_name` ,`content`,`list_order`,`name`,`type`,`unit_id`) VALUES ('77c3dcaf-f9ef-408e-a876-e8e91d2a4db4', '2018-05-08 14:27:34', '2018-05-08 14:44:13', '10760595', NULL, NULL, 6, 'q2', 'QUESTION', 'e7eaab73-ce72-40f3-a3ca-6f62a3e1f45e');
INSERT INTO `call_flow_element` (`id`,`created_date`,`updated_date`,`ivr_id`,`ivr_name` ,`content`,`list_order`,`name`,`type`,`unit_id`) VALUES ('fe91847c-0d86-4dfa-acd3-cac48099b285', '2018-05-08 14:27:34', '2018-05-08 14:44:13', '10760596', NULL, NULL, 7, 'q2 response', 'MESSAGE', 'e7eaab73-ce72-40f3-a3ca-6f62a3e1f45e');
INSERT INTO `call_flow_element` (`id`,`created_date`,`updated_date`,`ivr_id`,`ivr_name` ,`content`,`list_order`,`name`,`type`,`unit_id`) VALUES ('880a1e03-f062-4191-bcf4-d97cd2a2d906', '2018-05-08 14:27:34', '2018-05-08 14:44:13', '10760597', NULL, NULL, 8, 'q3', 'QUESTION', 'e7eaab73-ce72-40f3-a3ca-6f62a3e1f45e');
INSERT INTO `call_flow_element` (`id`,`created_date`,`updated_date`,`ivr_id`,`ivr_name` ,`content`,`list_order`,`name`,`type`,`unit_id`) VALUES ('d360b7f2-540a-43d2-9ded-bdca34b0717a', '2018-05-08 14:27:34', '2018-05-08 14:44:13', '10760598', NULL, NULL, 9, 'q3 response', 'MESSAGE', 'e7eaab73-ce72-40f3-a3ca-6f62a3e1f45e');
INSERT INTO `call_flow_element` (`id`,`created_date`,`updated_date`,`ivr_id`,`ivr_name` ,`content`,`list_order`,`name`,`type`,`unit_id`) VALUES ('955fc735-a405-4111-9aed-98641bd14ca5', '2018-05-08 14:27:34', '2018-05-08 14:51:25', '10762494', NULL, NULL, 0, 'intro', 'MESSAGE', '27c14bbc-486b-42e7-b324-8d43ada784b7');
INSERT INTO `call_flow_element` (`id`,`created_date`,`updated_date`,`ivr_id`,`ivr_name` ,`content`,`list_order`,`name`,`type`,`unit_id`) VALUES ('fcd36ca3-34b6-4cf8-8e3a-a6a27fd46a5c', '2018-05-08 14:27:34', '2018-05-08 14:51:25', '10762495', NULL, NULL, 1, 'm1', 'MESSAGE', '27c14bbc-486b-42e7-b324-8d43ada784b7');
INSERT INTO `call_flow_element` (`id`,`created_date`,`updated_date`,`ivr_id`,`ivr_name` ,`content`,`list_order`,`name`,`type`,`unit_id`) VALUES ('a0682acc-d1a0-49a3-85dc-0d4bb5f833a3', '2018-05-08 14:27:34', '2018-05-08 14:51:25', '10762496', NULL, NULL, 2, 'm2', 'MESSAGE', '27c14bbc-486b-42e7-b324-8d43ada784b7');
INSERT INTO `call_flow_element` (`id`,`created_date`,`updated_date`,`ivr_id`,`ivr_name` ,`content`,`list_order`,`name`,`type`,`unit_id`) VALUES ('95255419-2a58-45dd-bae3-d48f44c747ff', '2018-05-08 14:27:34', '2018-05-08 14:51:25', '10762497', NULL, NULL, 3, 'm3', 'MESSAGE', '27c14bbc-486b-42e7-b324-8d43ada784b7');
INSERT INTO `call_flow_element` (`id`,`created_date`,`updated_date`,`ivr_id`,`ivr_name` ,`content`,`list_order`,`name`,`type`,`unit_id`) VALUES ('8b352fb7-5268-40cb-80c3-32cb83b653f3', '2018-05-08 14:27:34', '2018-05-08 14:51:25', '10762498', NULL, NULL, 4, 'm4', 'MESSAGE', '27c14bbc-486b-42e7-b324-8d43ada784b7');
INSERT INTO `call_flow_element` (`id`,`created_date`,`updated_date`,`ivr_id`,`ivr_name` ,`content`,`list_order`,`name`,`type`,`unit_id`) VALUES ('03ccdf65-4d58-4705-949b-b12e9454fc04', '2018-05-08 14:27:34', '2018-05-08 14:51:25', '10762499', NULL, NULL, 5, 'm5', 'MESSAGE', '27c14bbc-486b-42e7-b324-8d43ada784b7');
INSERT INTO `call_flow_element` (`id`,`created_date`,`updated_date`,`ivr_id`,`ivr_name` ,`content`,`list_order`,`name`,`type`,`unit_id`) VALUES ('41572a43-87b8-4251-95b8-84026b816d39', '2018-05-08 14:27:34', '2018-05-08 14:51:25', '10762500', NULL, NULL, 6, 'm6', 'MESSAGE', '27c14bbc-486b-42e7-b324-8d43ada784b7');
INSERT INTO `call_flow_element` (`id`,`created_date`,`updated_date`,`ivr_id`,`ivr_name` ,`content`,`list_order`,`name`,`type`,`unit_id`) VALUES ('c48e9abd-1b57-4c56-9688-13f0d1b1d42e', '2018-05-08 14:27:34', '2018-05-08 14:51:25', '10762501', NULL, NULL, 7, 'm7', 'MESSAGE', '27c14bbc-486b-42e7-b324-8d43ada784b7');
INSERT INTO `call_flow_element` (`id`,`created_date`,`updated_date`,`ivr_id`,`ivr_name` ,`content`,`list_order`,`name`,`type`,`unit_id`) VALUES ('857339ca-b119-47a2-aedf-73eaeffd3f01', '2018-05-08 14:27:34', '2018-05-08 14:51:25', '10762502', NULL, NULL, 8, 'm8', 'MESSAGE', '27c14bbc-486b-42e7-b324-8d43ada784b7');
INSERT INTO `call_flow_element` (`id`,`created_date`,`updated_date`,`ivr_id`,`ivr_name` ,`content`,`list_order`,`name`,`type`,`unit_id`) VALUES ('f566fc3c-b137-413a-b88a-d3bd3ac3db8e', '2018-05-08 14:27:34', '2018-05-08 14:51:25', '10762503', NULL, NULL, 9, 'q1', 'QUESTION', '27c14bbc-486b-42e7-b324-8d43ada784b7');
INSERT INTO `call_flow_element` (`id`,`created_date`,`updated_date`,`ivr_id`,`ivr_name` ,`content`,`list_order`,`name`,`type`,`unit_id`) VALUES ('b4493808-cf33-4d62-a7fc-116d1accad04', '2018-05-08 14:27:34', '2018-05-08 14:51:25', '10762504', NULL, NULL, 10, 'q1 response', 'MESSAGE', '27c14bbc-486b-42e7-b324-8d43ada784b7');
INSERT INTO `call_flow_element` (`id`,`created_date`,`updated_date`,`ivr_id`,`ivr_name` ,`content`,`list_order`,`name`,`type`,`unit_id`) VALUES ('538e179b-6bf8-4e99-8dae-0a46a75631e8', '2018-05-08 14:27:34', '2018-05-08 14:51:25', '10762505', NULL, NULL, 11, 'q2', 'QUESTION', '27c14bbc-486b-42e7-b324-8d43ada784b7');
INSERT INTO `call_flow_element` (`id`,`created_date`,`updated_date`,`ivr_id`,`ivr_name` ,`content`,`list_order`,`name`,`type`,`unit_id`) VALUES ('e7208231-80df-4263-8a1d-2af7bc44a4b2', '2018-05-08 14:27:34', '2018-05-08 14:51:25', '10762506', NULL, NULL, 12, 'q2 response', 'MESSAGE', '27c14bbc-486b-42e7-b324-8d43ada784b7');
INSERT INTO `call_flow_element` (`id`,`created_date`,`updated_date`,`ivr_id`,`ivr_name` ,`content`,`list_order`,`name`,`type`,`unit_id`) VALUES ('23bb106b-ca78-4f16-bacd-6854a100446a', '2018-05-08 14:27:34', '2018-05-08 14:51:25', '10762507', NULL, NULL, 13, 'q3', 'QUESTION', '27c14bbc-486b-42e7-b324-8d43ada784b7');
INSERT INTO `call_flow_element` (`id`,`created_date`,`updated_date`,`ivr_id`,`ivr_name` ,`content`,`list_order`,`name`,`type`,`unit_id`) VALUES ('2fb25774-27c9-421a-9ebc-9034ee4ae698', '2018-05-08 14:27:34', '2018-05-08 14:51:25', '10762508', NULL, NULL, 14, 'q3 response', 'MESSAGE', '27c14bbc-486b-42e7-b324-8d43ada784b7');
INSERT INTO `call_flow_element` (`id`,`created_date`,`updated_date`,`ivr_id`,`ivr_name` ,`content`,`list_order`,`name`,`type`,`unit_id`) VALUES ('3f5ea313-79cf-4bbd-abf4-1c1151ddc9d1', '2018-05-08 14:27:34', '2018-05-08 14:51:25', '10762509', NULL, NULL, 15, 'q4', 'QUESTION', '27c14bbc-486b-42e7-b324-8d43ada784b7');
INSERT INTO `call_flow_element` (`id`,`created_date`,`updated_date`,`ivr_id`,`ivr_name` ,`content`,`list_order`,`name`,`type`,`unit_id`) VALUES ('81a9ba54-583f-45f9-8d10-1854a6f89da0', '2018-05-08 14:27:34', '2018-05-08 14:51:25', '10762510', NULL, NULL, 16, 'q4 response', 'MESSAGE', '27c14bbc-486b-42e7-b324-8d43ada784b7');
INSERT INTO `call_flow_element` (`id`,`created_date`,`updated_date`,`ivr_id`,`ivr_name` ,`content`,`list_order`,`name`,`type`,`unit_id`) VALUES ('85e7d4eb-f6b4-46e1-8975-c9e3dddf3935', '2018-05-08 14:27:34', '2018-05-08 14:51:25', '10764972', NULL, NULL, 0, 'intro', 'MESSAGE', 'e44bb928-74a5-43f1-8577-40f00adc57d5');
INSERT INTO `call_flow_element` (`id`,`created_date`,`updated_date`,`ivr_id`,`ivr_name` ,`content`,`list_order`,`name`,`type`,`unit_id`) VALUES ('9d907c5e-3c5c-41d3-8e4d-7cde2a49530a', '2018-05-08 14:31:43', '2018-05-08 14:51:25', '10764973', NULL, NULL, 1, 'm1', 'MESSAGE', 'e44bb928-74a5-43f1-8577-40f00adc57d5');
INSERT INTO `call_flow_element` (`id`,`created_date`,`updated_date`,`ivr_id`,`ivr_name` ,`content`,`list_order`,`name`,`type`,`unit_id`) VALUES ('d1f92f64-a908-4082-aea6-b3840b296d99', '2018-05-08 14:31:43', '2018-05-08 14:51:25', '10764974', NULL, NULL, 2, 'm2', 'MESSAGE', 'e44bb928-74a5-43f1-8577-40f00adc57d5');
INSERT INTO `call_flow_element` (`id`,`created_date`,`updated_date`,`ivr_id`,`ivr_name` ,`content`,`list_order`,`name`,`type`,`unit_id`) VALUES ('4cebd9f6-809d-46ee-899e-ad2f9a14d855', '2018-05-08 14:31:43', '2018-05-08 14:51:25', '10764975', NULL, NULL, 3, 'm3', 'MESSAGE', 'e44bb928-74a5-43f1-8577-40f00adc57d5');
INSERT INTO `call_flow_element` (`id`,`created_date`,`updated_date`,`ivr_id`,`ivr_name` ,`content`,`list_order`,`name`,`type`,`unit_id`) VALUES ('9fdb568f-c53e-48db-aedf-98189ede41b8', '2018-05-08 14:31:43', '2018-05-08 14:51:25', '10764976', NULL, NULL, 4, 'm4', 'MESSAGE', 'e44bb928-74a5-43f1-8577-40f00adc57d5');
INSERT INTO `call_flow_element` (`id`,`created_date`,`updated_date`,`ivr_id`,`ivr_name` ,`content`,`list_order`,`name`,`type`,`unit_id`) VALUES ('160a08a3-c036-41e4-b474-93a847877fb5', '2018-05-08 14:31:43', '2018-05-08 14:51:25', '10764977', NULL, NULL, 5, 'm5', 'MESSAGE', 'e44bb928-74a5-43f1-8577-40f00adc57d5');
INSERT INTO `call_flow_element` (`id`,`created_date`,`updated_date`,`ivr_id`,`ivr_name` ,`content`,`list_order`,`name`,`type`,`unit_id`) VALUES ('4ac80f83-0358-46e6-8a59-4ed6be639c87', '2018-05-08 14:31:43', '2018-05-08 14:51:25', '10764978', NULL, NULL, 6, 'm6', 'MESSAGE', 'e44bb928-74a5-43f1-8577-40f00adc57d5');
INSERT INTO `call_flow_element` (`id`,`created_date`,`updated_date`,`ivr_id`,`ivr_name` ,`content`,`list_order`,`name`,`type`,`unit_id`) VALUES ('c4cd1da8-327a-45cd-bd2c-1b84050f7ed8', '2018-05-08 14:31:43', '2018-05-08 14:51:25', '10764979', NULL, NULL, 7, 'm7', 'MESSAGE', 'e44bb928-74a5-43f1-8577-40f00adc57d5');
INSERT INTO `call_flow_element` (`id`,`created_date`,`updated_date`,`ivr_id`,`ivr_name` ,`content`,`list_order`,`name`,`type`,`unit_id`) VALUES ('a1c5cf4f-3917-4a62-ac26-397e68a4f10b', '2018-05-08 14:31:43', '2018-05-08 14:51:25', '10764980', NULL, NULL, 8, 'q1', 'QUESTION', 'e44bb928-74a5-43f1-8577-40f00adc57d5');
INSERT INTO `call_flow_element` (`id`,`created_date`,`updated_date`,`ivr_id`,`ivr_name` ,`content`,`list_order`,`name`,`type`,`unit_id`) VALUES ('fd861ace-3c04-49f2-9d57-e9dad375cc08', '2018-05-08 14:31:43', '2018-05-08 14:51:25', '10764981', NULL, NULL, 9, 'q1 response', 'MESSAGE', 'e44bb928-74a5-43f1-8577-40f00adc57d5');
INSERT INTO `call_flow_element` (`id`,`created_date`,`updated_date`,`ivr_id`,`ivr_name` ,`content`,`list_order`,`name`,`type`,`unit_id`) VALUES ('b5e0cf92-612f-405b-9e0d-3a9a6dea02e3', '2018-05-08 14:31:43', '2018-05-08 14:51:25', '10764982', NULL, NULL, 10, 'q2', 'QUESTION', 'e44bb928-74a5-43f1-8577-40f00adc57d5');
INSERT INTO `call_flow_element` (`id`,`created_date`,`updated_date`,`ivr_id`,`ivr_name` ,`content`,`list_order`,`name`,`type`,`unit_id`) VALUES ('6cc97de2-d333-41b2-9699-0b236d3e62b2', '2018-05-08 14:31:43', '2018-05-08 14:51:25', '10764983', NULL, NULL, 11, 'q2 response', 'MESSAGE', 'e44bb928-74a5-43f1-8577-40f00adc57d5');
INSERT INTO `call_flow_element` (`id`,`created_date`,`updated_date`,`ivr_id`,`ivr_name` ,`content`,`list_order`,`name`,`type`,`unit_id`) VALUES ('1e9c8f76-0145-4136-86df-8556bb3e27d3', '2018-05-08 14:31:43', '2018-05-08 14:51:25', '10764984', NULL, NULL, 12, 'q3', 'QUESTION', 'e44bb928-74a5-43f1-8577-40f00adc57d5');
INSERT INTO `call_flow_element` (`id`,`created_date`,`updated_date`,`ivr_id`,`ivr_name` ,`content`,`list_order`,`name`,`type`,`unit_id`) VALUES ('3ef33b94-ab15-4970-b174-76c6e2ccd426', '2018-05-08 14:31:43', '2018-05-08 14:51:25', '10764985', NULL, NULL, 13, 'q3 response', 'MESSAGE', 'e44bb928-74a5-43f1-8577-40f00adc57d5');
INSERT INTO `call_flow_element` (`id`,`created_date`,`updated_date`,`ivr_id`,`ivr_name` ,`content`,`list_order`,`name`,`type`,`unit_id`) VALUES ('b79ac377-96dc-4150-b8d9-2ab160423696', '2018-05-08 14:31:43', '2018-05-08 14:51:25', '10764986', NULL, NULL, 14, 'q4', 'QUESTION', 'e44bb928-74a5-43f1-8577-40f00adc57d5');
INSERT INTO `call_flow_element` (`id`,`created_date`,`updated_date`,`ivr_id`,`ivr_name` ,`content`,`list_order`,`name`,`type`,`unit_id`) VALUES ('dc90cdc9-b3ce-4cfe-a652-87fdadf6b38d', '2018-05-08 14:31:43', '2018-05-08 14:51:25', '10764987', NULL, NULL, 15, 'q4 response', 'MESSAGE', 'e44bb928-74a5-43f1-8577-40f00adc57d5');
INSERT INTO `call_flow_element` (`id`,`created_date`,`updated_date`,`ivr_id`,`ivr_name` ,`content`,`list_order`,`name`,`type`,`unit_id`) VALUES ('ada84449-4c16-4742-ab57-590b1b352dfb', '2018-05-08 14:31:43', '2018-05-08 14:51:25', '10764988', NULL, NULL, 16, 'q5', 'QUESTION', 'e44bb928-74a5-43f1-8577-40f00adc57d5');
INSERT INTO `call_flow_element` (`id`,`created_date`,`updated_date`,`ivr_id`,`ivr_name` ,`content`,`list_order`,`name`,`type`,`unit_id`) VALUES ('b4c7d579-1884-4433-b9c5-6b950c16622a', '2018-05-08 14:31:43', '2018-05-08 14:51:25', '10764989', NULL, NULL, 17, 'q5 response', 'MESSAGE', 'e44bb928-74a5-43f1-8577-40f00adc57d5');


INSERT INTO `message` (`call_flow_element_id`) VALUES ('9f4febb0-7376-4e38-bc42-32511c4fb1e9');
INSERT INTO `message` (`call_flow_element_id`) VALUES ('8628cb45-5a03-47a5-a59a-4e4b8bb1e07f');
INSERT INTO `message` (`call_flow_element_id`) VALUES ('fd8b0a9b-2ca5-4632-88be-880e3fade354');
INSERT INTO `message` (`call_flow_element_id`) VALUES ('d44428b9-9cb6-4411-bb8f-26355c402c5c');
INSERT INTO `message` (`call_flow_element_id`) VALUES ('b428ca05-f784-4474-ae1c-1be9ad2572e5');
INSERT INTO `message` (`call_flow_element_id`) VALUES ('8a3094ef-26ee-42c6-9418-1c4bf89398e8');
INSERT INTO `message` (`call_flow_element_id`) VALUES ('04f856c7-2a15-45e3-8e18-4b1432f76077');
INSERT INTO `message` (`call_flow_element_id`) VALUES ('5289a96d-685b-4824-88ca-ec102eb030fd');
INSERT INTO `message` (`call_flow_element_id`) VALUES ('4d511897-8a14-4e37-8b48-3bde43121a9b');
INSERT INTO `message` (`call_flow_element_id`) VALUES ('0d306506-c8c0-441f-ae4c-ca82d35d4c31');
INSERT INTO `message` (`call_flow_element_id`) VALUES ('53a7e0fb-6fb0-4a68-a634-fe631d82c690');
INSERT INTO `message` (`call_flow_element_id`) VALUES ('86aaf4fb-cda3-4a1c-b153-645b16d594a3');
INSERT INTO `message` (`call_flow_element_id`) VALUES ('ea7a2cf3-5a0f-40ca-a286-bc591beb656a');
INSERT INTO `message` (`call_flow_element_id`) VALUES ('fa2c6c51-aec1-4ee5-a5fb-32b2abb396f7');
INSERT INTO `message` (`call_flow_element_id`) VALUES ('21c6fdcb-84f3-42c3-8f7c-5c42f6db49c3');
INSERT INTO `message` (`call_flow_element_id`) VALUES ('b786e5f0-df62-486f-be84-fa019cdd9f44');
INSERT INTO `message` (`call_flow_element_id`) VALUES ('6c9a79ed-ae3c-45aa-872e-d87e145f52eb');
INSERT INTO `message` (`call_flow_element_id`) VALUES ('04633ac3-3731-41a4-bc3c-910eaf87cb95');
INSERT INTO `message` (`call_flow_element_id`) VALUES ('04800783-8153-442c-b899-974e5410463c');
INSERT INTO `message` (`call_flow_element_id`) VALUES ('1c5c8d17-b45f-44c6-b4a4-365957875f2f');
INSERT INTO `message` (`call_flow_element_id`) VALUES ('3378ca0f-cea7-4699-8566-0e6d45e9a4c8');
INSERT INTO `message` (`call_flow_element_id`) VALUES ('eea46dda-03c9-454e-b22a-96e8c18d1124');
INSERT INTO `message` (`call_flow_element_id`) VALUES ('05fba838-3a6c-4cb4-ab59-b7df1a259d7d');
INSERT INTO `message` (`call_flow_element_id`) VALUES ('06110fb1-ce54-42b0-a1b9-ae49955003a9');
INSERT INTO `message` (`call_flow_element_id`) VALUES ('068faa9b-29c5-4159-a3ef-bea5ccdfbf0f');
INSERT INTO `message` (`call_flow_element_id`) VALUES ('a5942273-7d49-4de2-bd7d-eb45a94fef00');
INSERT INTO `message` (`call_flow_element_id`) VALUES ('09ac31bc-ec1f-4593-8146-0abfe9e0917a');
INSERT INTO `message` (`call_flow_element_id`) VALUES ('0541ab42-95ec-4bde-b565-2a90422b0f02');
INSERT INTO `message` (`call_flow_element_id`) VALUES ('08a53952-b41e-4cf7-9efe-545b10f887e9');
INSERT INTO `message` (`call_flow_element_id`) VALUES ('08acd06b-8a5e-4451-a80d-887552e85ee9');
INSERT INTO `message` (`call_flow_element_id`) VALUES ('092c5926-7016-4844-9378-c2d3894c944d');
INSERT INTO `message` (`call_flow_element_id`) VALUES ('0983e834-b9dc-4d79-8a63-cad8487c4276');
INSERT INTO `message` (`call_flow_element_id`) VALUES ('cea170d7-142a-4e67-aa9c-052536260f9c');
INSERT INTO `message` (`call_flow_element_id`) VALUES ('0a5e1e21-d0b3-4279-907e-86c9a0dfc9b8');
INSERT INTO `message` (`call_flow_element_id`) VALUES ('0aa18f58-45fd-4a04-b238-67e7d2fdbc9f');
INSERT INTO `message` (`call_flow_element_id`) VALUES ('0aacf979-fffd-4909-bbde-f7d2458953df');
INSERT INTO `message` (`call_flow_element_id`) VALUES ('86c25fdb-2014-4e29-8d20-8690fc6013a1');
INSERT INTO `message` (`call_flow_element_id`) VALUES ('69a75758-9bd7-44c7-bc25-85edc99d465d');
INSERT INTO `message` (`call_flow_element_id`) VALUES ('d434a30a-1f4a-4c2f-9fd2-0fc0cebcdfb3');
INSERT INTO `message` (`call_flow_element_id`) VALUES ('9d75488f-cb21-4fe1-9eca-cf4ba82ad1cc');
INSERT INTO `message` (`call_flow_element_id`) VALUES ('02202a6f-9052-4876-bf4c-fe0878ae5e8d');
INSERT INTO `message` (`call_flow_element_id`) VALUES ('0ff83990-8926-4e92-a120-434250367bdd');
INSERT INTO `message` (`call_flow_element_id`) VALUES ('88941df7-4cf7-483f-b2f7-2b61979d90bc');
INSERT INTO `message` (`call_flow_element_id`) VALUES ('88cfdde5-6e69-4fc2-a370-3fca85de0e01');
INSERT INTO `message` (`call_flow_element_id`) VALUES ('8938f63a-4d9e-43ab-9de5-d5a76902fbf4');
INSERT INTO `message` (`call_flow_element_id`) VALUES ('798fa860-fe26-40d3-844f-1abe66122e80');
INSERT INTO `message` (`call_flow_element_id`) VALUES ('12edd996-3af1-4656-b7b4-f971c49410e5');
INSERT INTO `message` (`call_flow_element_id`) VALUES ('e5ce6175-4f81-4223-8b36-d6848644d12d');
INSERT INTO `message` (`call_flow_element_id`) VALUES ('fcdec4df-e60f-4cd6-9de0-b0e0cabf029d');
INSERT INTO `message` (`call_flow_element_id`) VALUES ('22b25e58-00eb-4b80-88ca-ca97e9a1eee7');
INSERT INTO `message` (`call_flow_element_id`) VALUES ('6a50503e-48f8-4b35-9604-5274ecfe575e');
INSERT INTO `message` (`call_flow_element_id`) VALUES ('2302cf12-4bd7-4321-a786-40479d8dddff');
INSERT INTO `message` (`call_flow_element_id`) VALUES ('93498e23-18b9-4ea6-931d-50eee4917551');
INSERT INTO `message` (`call_flow_element_id`) VALUES ('936f7e67-65ea-45b1-a54b-88d66554008f');

INSERT INTO `message` (`call_flow_element_id`) VALUES ('87ef874c-17d3-490b-b34a-defd366af9bd');
INSERT INTO `message` (`call_flow_element_id`) VALUES ('88e1551e-c213-4410-b7bc-fff90bffb767');
INSERT INTO `message` (`call_flow_element_id`) VALUES ('2e4bc41d-e674-4a55-bad3-dd498a3fabba');
INSERT INTO `message` (`call_flow_element_id`) VALUES ('99f43e9b-e55f-48da-8aa0-ed69e41667a3');
INSERT INTO `message` (`call_flow_element_id`) VALUES ('b8eb5002-2043-4206-bd02-f35f6c364e1b');
INSERT INTO `message` (`call_flow_element_id`) VALUES ('a2c56d5f-8ea7-4eb9-b4c9-340bcb013b5a');
INSERT INTO `message` (`call_flow_element_id`) VALUES ('4a9836d5-a621-4a8d-9899-054c8bc48201');
INSERT INTO `message` (`call_flow_element_id`) VALUES ('dc7a916d-8322-4215-8696-cd8e72ad776b');
INSERT INTO `message` (`call_flow_element_id`) VALUES ('debe2d05-f2bb-4579-852d-b9a52063ee28');
INSERT INTO `message` (`call_flow_element_id`) VALUES ('e73d3d3e-04b9-4c5e-b4d2-8d064ff4f66e');
INSERT INTO `message` (`call_flow_element_id`) VALUES ('3e9d6127-87b4-4aa5-baf4-593f693bcc9b');
INSERT INTO `message` (`call_flow_element_id`) VALUES ('8b939c3c-a649-4bcc-9765-892cc20b4b60');
INSERT INTO `message` (`call_flow_element_id`) VALUES ('a2354cd8-7a91-406c-8cb6-fd4dded13403');
INSERT INTO `message` (`call_flow_element_id`) VALUES ('9f19fc6e-e909-48a2-b041-51fa0646b57b');
INSERT INTO `message` (`call_flow_element_id`) VALUES ('0f1128fb-93a6-4095-bcfe-9ce077daac6c');
INSERT INTO `message` (`call_flow_element_id`) VALUES ('d4f31df0-694b-474e-80d1-d36a0371b4ca');
INSERT INTO `message` (`call_flow_element_id`) VALUES ('37a2fc20-088b-4e08-80d8-5545a14aadc5');
INSERT INTO `message` (`call_flow_element_id`) VALUES ('1c225b8d-4a6e-4be6-be94-1e09ca4f326f');
INSERT INTO `message` (`call_flow_element_id`) VALUES ('cfe024bb-9049-48fb-ba5b-2c030703b3c5');
INSERT INTO `message` (`call_flow_element_id`) VALUES ('7a28b73f-dd65-463d-a272-3060f3e29255');
INSERT INTO `message` (`call_flow_element_id`) VALUES ('b4f46782-193c-4380-86a4-e446ffd6836d');
INSERT INTO `message` (`call_flow_element_id`) VALUES ('24e9e85b-5a0c-4cdc-8c95-87805da19c7b');
INSERT INTO `message` (`call_flow_element_id`) VALUES ('3ab02390-2e2b-4016-8b0e-57d510bac425');
INSERT INTO `message` (`call_flow_element_id`) VALUES ('2ab8d716-948e-4937-86c8-ac901e02c13e');
INSERT INTO `message` (`call_flow_element_id`) VALUES ('60c0224d-8bbe-4a6e-b3ba-cf447e8c0892');
INSERT INTO `message` (`call_flow_element_id`) VALUES ('cb16823e-0709-47e0-8639-bc943e9d077a');
INSERT INTO `message` (`call_flow_element_id`) VALUES ('401d3659-e47a-4b16-9e4b-4b8aa4d5177c');
INSERT INTO `message` (`call_flow_element_id`) VALUES ('22faf57b-80eb-4030-a1a6-56501a1a789e');
INSERT INTO `message` (`call_flow_element_id`) VALUES ('2889faca-20bc-45fc-a59e-b44bfcaa5f30');
INSERT INTO `message` (`call_flow_element_id`) VALUES ('56fc476d-ef0a-4b04-9897-aeeee4b6e646');
INSERT INTO `message` (`call_flow_element_id`) VALUES ('de1a65c3-0df0-4d27-b97b-f8461d6e2fda');
INSERT INTO `message` (`call_flow_element_id`) VALUES ('efbb3583-479f-48dc-af33-d6a71b6b1fec');
INSERT INTO `message` (`call_flow_element_id`) VALUES ('45d4d3be-9841-4358-b485-963224a44b10');
INSERT INTO `message` (`call_flow_element_id`) VALUES ('db17f9b2-4075-45c5-8e76-89ec9df0df28');
INSERT INTO `message` (`call_flow_element_id`) VALUES ('6ade0a7a-4016-4b48-8177-130a0ed385ca');
INSERT INTO `message` (`call_flow_element_id`) VALUES ('005e7385-8dd4-4799-94cc-68a3b9e3e3e8');
INSERT INTO `message` (`call_flow_element_id`) VALUES ('260a6f39-be10-44b6-a856-68c79c130756');
INSERT INTO `message` (`call_flow_element_id`) VALUES ('fe91847c-0d86-4dfa-acd3-cac48099b285');
INSERT INTO `message` (`call_flow_element_id`) VALUES ('d360b7f2-540a-43d2-9ded-bdca34b0717a');
INSERT INTO `message` (`call_flow_element_id`) VALUES ('955fc735-a405-4111-9aed-98641bd14ca5');
INSERT INTO `message` (`call_flow_element_id`) VALUES ('fcd36ca3-34b6-4cf8-8e3a-a6a27fd46a5c');
INSERT INTO `message` (`call_flow_element_id`) VALUES ('a0682acc-d1a0-49a3-85dc-0d4bb5f833a3');
INSERT INTO `message` (`call_flow_element_id`) VALUES ('95255419-2a58-45dd-bae3-d48f44c747ff');
INSERT INTO `message` (`call_flow_element_id`) VALUES ('8b352fb7-5268-40cb-80c3-32cb83b653f3');
INSERT INTO `message` (`call_flow_element_id`) VALUES ('03ccdf65-4d58-4705-949b-b12e9454fc04');
INSERT INTO `message` (`call_flow_element_id`) VALUES ('41572a43-87b8-4251-95b8-84026b816d39');
INSERT INTO `message` (`call_flow_element_id`) VALUES ('c48e9abd-1b57-4c56-9688-13f0d1b1d42e');
INSERT INTO `message` (`call_flow_element_id`) VALUES ('857339ca-b119-47a2-aedf-73eaeffd3f01');
INSERT INTO `message` (`call_flow_element_id`) VALUES ('b4493808-cf33-4d62-a7fc-116d1accad04');
INSERT INTO `message` (`call_flow_element_id`) VALUES ('e7208231-80df-4263-8a1d-2af7bc44a4b2');
INSERT INTO `message` (`call_flow_element_id`) VALUES ('2fb25774-27c9-421a-9ebc-9034ee4ae698');
INSERT INTO `message` (`call_flow_element_id`) VALUES ('81a9ba54-583f-45f9-8d10-1854a6f89da0');
INSERT INTO `message` (`call_flow_element_id`) VALUES ('85e7d4eb-f6b4-46e1-8975-c9e3dddf3935');
INSERT INTO `message` (`call_flow_element_id`) VALUES ('9d907c5e-3c5c-41d3-8e4d-7cde2a49530a');
INSERT INTO `message` (`call_flow_element_id`) VALUES ('d1f92f64-a908-4082-aea6-b3840b296d99');
INSERT INTO `message` (`call_flow_element_id`) VALUES ('4cebd9f6-809d-46ee-899e-ad2f9a14d855');
INSERT INTO `message` (`call_flow_element_id`) VALUES ('9fdb568f-c53e-48db-aedf-98189ede41b8');
INSERT INTO `message` (`call_flow_element_id`) VALUES ('160a08a3-c036-41e4-b474-93a847877fb5');
INSERT INTO `message` (`call_flow_element_id`) VALUES ('4ac80f83-0358-46e6-8a59-4ed6be639c87');
INSERT INTO `message` (`call_flow_element_id`) VALUES ('c4cd1da8-327a-45cd-bd2c-1b84050f7ed8');
INSERT INTO `message` (`call_flow_element_id`) VALUES ('fd861ace-3c04-49f2-9d57-e9dad375cc08');
INSERT INTO `message` (`call_flow_element_id`) VALUES ('6cc97de2-d333-41b2-9699-0b236d3e62b2');
INSERT INTO `message` (`call_flow_element_id`) VALUES ('3ef33b94-ab15-4970-b174-76c6e2ccd426');
INSERT INTO `message` (`call_flow_element_id`) VALUES ('dc90cdc9-b3ce-4cfe-a652-87fdadf6b38d');
INSERT INTO `message` (`call_flow_element_id`) VALUES ('b4c7d579-1884-4433-b9c5-6b950c16622a');


INSERT INTO `multiple_choice_question` (`call_flow_element_id`) VALUES ('02ae38da-2633-4ab2-b0e5-e9d911680130');
INSERT INTO `multiple_choice_question` (`call_flow_element_id`) VALUES ('6f187818-428f-47e6-b661-cf94a463d732');
INSERT INTO `multiple_choice_question` (`call_flow_element_id`) VALUES ('dd5ae3c6-e987-4997-a62b-a56e3c8d574e');
INSERT INTO `multiple_choice_question` (`call_flow_element_id`) VALUES ('e587920d-13b1-45fb-8ce1-4d6d872fc211');
INSERT INTO `multiple_choice_question` (`call_flow_element_id`) VALUES ('a1c18a46-2589-41f4-99a3-e886e65bd6f6');
INSERT INTO `multiple_choice_question` (`call_flow_element_id`) VALUES ('01c6b4bd-1838-4b0c-ab70-bb7606837286');
INSERT INTO `multiple_choice_question` (`call_flow_element_id`) VALUES ('fd4e1a19-1997-4a0e-81ec-921feb5c4145');
INSERT INTO `multiple_choice_question` (`call_flow_element_id`) VALUES ('0481eb61-cde5-42ba-8ea6-629d70bfb3da');
INSERT INTO `multiple_choice_question` (`call_flow_element_id`) VALUES ('0d130fcb-7f60-452c-8c24-3121d5b54335');
INSERT INTO `multiple_choice_question` (`call_flow_element_id`) VALUES ('1732887a-352b-479e-8fba-81dfaf2b2b82');
INSERT INTO `multiple_choice_question` (`call_flow_element_id`) VALUES ('23d83b87-a0e9-4fad-b527-2b70c9158817');
INSERT INTO `multiple_choice_question` (`call_flow_element_id`) VALUES ('2c2fafa4-652e-4d78-a87f-9c53668afa34');
INSERT INTO `multiple_choice_question` (`call_flow_element_id`) VALUES ('2eea99f0-9899-492c-b64d-63c60bad792e');
INSERT INTO `multiple_choice_question` (`call_flow_element_id`) VALUES ('384c1e5c-9d38-441d-87ab-147e648d7217');
INSERT INTO `multiple_choice_question` (`call_flow_element_id`) VALUES ('3ce9b490-b2f8-4147-917f-b1e18fd339da');
INSERT INTO `multiple_choice_question` (`call_flow_element_id`) VALUES ('3e498211-7e3c-4d21-b66c-4d60b8777f69');
INSERT INTO `multiple_choice_question` (`call_flow_element_id`) VALUES ('3fb7e61e-1f6c-4a86-8ded-5ae540ad8904');
INSERT INTO `multiple_choice_question` (`call_flow_element_id`) VALUES ('4305ee0d-326a-410c-a84e-10ee7b84ae97');
INSERT INTO `multiple_choice_question` (`call_flow_element_id`) VALUES ('473beadf-52a1-446a-bd07-dafd038d06bb');
INSERT INTO `multiple_choice_question` (`call_flow_element_id`) VALUES ('4e748526-39de-4298-888d-1b6256d26711');
INSERT INTO `multiple_choice_question` (`call_flow_element_id`) VALUES ('f0dbdcc3-6c6d-4a1a-aa8c-b30707055565');
INSERT INTO `multiple_choice_question` (`call_flow_element_id`) VALUES ('6b3eebc1-c4f9-46a0-af54-a051927b6cb4');
INSERT INTO `multiple_choice_question` (`call_flow_element_id`) VALUES ('52a65a92-bd03-40e3-ad61-a81614ec4f9e');
INSERT INTO `multiple_choice_question` (`call_flow_element_id`) VALUES ('77124324-7855-4baa-a664-6239f5f34668');
INSERT INTO `multiple_choice_question` (`call_flow_element_id`) VALUES ('49c45d85-f0d0-4d30-ab37-100349d7aefc');
INSERT INTO `multiple_choice_question` (`call_flow_element_id`) VALUES ('0698896c-f0ca-411b-852c-1785e7da68b9');
INSERT INTO `multiple_choice_question` (`call_flow_element_id`) VALUES ('06d45e16-ffc3-4d34-9a06-c5ec97accfde');
INSERT INTO `multiple_choice_question` (`call_flow_element_id`) VALUES ('0702d19a-e30f-4ea8-831d-d6a74aeb2ab5');
INSERT INTO `multiple_choice_question` (`call_flow_element_id`) VALUES ('2a6c726e-a8fe-43bf-b5ad-4a19a7d652a6');
INSERT INTO `multiple_choice_question` (`call_flow_element_id`) VALUES ('0b1794d2-1984-456f-b858-77d24f643543');
INSERT INTO `multiple_choice_question` (`call_flow_element_id`) VALUES ('0b514593-7c0b-409b-834b-b6e6ce85e182');
INSERT INTO `multiple_choice_question` (`call_flow_element_id`) VALUES ('0bd58d2e-efff-418a-b1f6-809be93bf58a');
INSERT INTO `multiple_choice_question` (`call_flow_element_id`) VALUES ('47664d5c-443b-4df7-b4d6-4794fa078e45');
INSERT INTO `multiple_choice_question` (`call_flow_element_id`) VALUES ('872ad814-b78e-406f-8ce5-a29a21742b8f');
INSERT INTO `multiple_choice_question` (`call_flow_element_id`) VALUES ('8751db52-0930-449d-99fa-a71f1ead9978');
INSERT INTO `multiple_choice_question` (`call_flow_element_id`) VALUES ('87a3e3de-44e5-4351-83be-bd79efa8879b');
INSERT INTO `multiple_choice_question` (`call_flow_element_id`) VALUES ('231dec7e-c75f-4f2b-a78d-9ae64a71a970');
INSERT INTO `multiple_choice_question` (`call_flow_element_id`) VALUES ('b809c4fa-7382-4cd4-82c4-f6c1df25a0d3');
INSERT INTO `multiple_choice_question` (`call_flow_element_id`) VALUES ('894931ba-47d1-418b-874c-4b4c00306e9b');
INSERT INTO `multiple_choice_question` (`call_flow_element_id`) VALUES ('899d0548-cdfc-4148-90f0-1ce613d69259');

INSERT INTO `multiple_choice_question` (`call_flow_element_id`) VALUES ('d28e889c-2501-46f0-be25-b1b16307283a');
INSERT INTO `multiple_choice_question` (`call_flow_element_id`) VALUES ('cf8fe406-a05c-422a-83b1-8e8f095cbfd2');
INSERT INTO `multiple_choice_question` (`call_flow_element_id`) VALUES ('6f53ec27-643e-4a84-a7ae-75c7505597bd');
INSERT INTO `multiple_choice_question` (`call_flow_element_id`) VALUES ('4c24d922-4951-49f0-8444-49181d4bb25c');
INSERT INTO `multiple_choice_question` (`call_flow_element_id`) VALUES ('9780a224-7a89-4bf7-ba6d-3296ee635924');
INSERT INTO `multiple_choice_question` (`call_flow_element_id`) VALUES ('c5172a7a-41cf-46d4-8d57-fe3a89e426ab');
INSERT INTO `multiple_choice_question` (`call_flow_element_id`) VALUES ('f84b7319-dc79-4544-989e-c476b082b6d9');
INSERT INTO `multiple_choice_question` (`call_flow_element_id`) VALUES ('a4bfe671-65f0-471f-ab2d-adb7f0421e8c');
INSERT INTO `multiple_choice_question` (`call_flow_element_id`) VALUES ('98aa90df-d73b-41c9-aaca-18128257180f');
INSERT INTO `multiple_choice_question` (`call_flow_element_id`) VALUES ('99464f99-cb7e-4323-9105-b128407eca39');
INSERT INTO `multiple_choice_question` (`call_flow_element_id`) VALUES ('dbf7f12a-8cf9-479f-9e48-f18a701222e1');
INSERT INTO `multiple_choice_question` (`call_flow_element_id`) VALUES ('d45d7068-66f5-44c9-addf-3fdcd6128587');
INSERT INTO `multiple_choice_question` (`call_flow_element_id`) VALUES ('6ddf85c1-f913-4e73-8b55-fdaad7b97675');
INSERT INTO `multiple_choice_question` (`call_flow_element_id`) VALUES ('0be2a02d-4e02-42c0-bce8-01b4ffa16425');
INSERT INTO `multiple_choice_question` (`call_flow_element_id`) VALUES ('8c6d2ac3-ee90-48fd-a798-1f787b0ec77c');
INSERT INTO `multiple_choice_question` (`call_flow_element_id`) VALUES ('e2b1fc16-c4e0-4ce6-ac56-2301c510e788');
INSERT INTO `multiple_choice_question` (`call_flow_element_id`) VALUES ('eab56da3-c02f-4ae7-bafd-9474e070ec98');
INSERT INTO `multiple_choice_question` (`call_flow_element_id`) VALUES ('ebba3a85-54dc-4138-aa22-fb2569ef24ca');
INSERT INTO `multiple_choice_question` (`call_flow_element_id`) VALUES ('df0db90f-ecf9-4514-ba42-d28be050abb1');
INSERT INTO `multiple_choice_question` (`call_flow_element_id`) VALUES ('b16e347a-1511-44d1-b0da-ae8e94a6faf6');
INSERT INTO `multiple_choice_question` (`call_flow_element_id`) VALUES ('55e23a11-00d5-44d1-bf1a-f4948485bcde');
INSERT INTO `multiple_choice_question` (`call_flow_element_id`) VALUES ('e59d70e3-01bf-48be-84d0-9dafa98c1629');
INSERT INTO `multiple_choice_question` (`call_flow_element_id`) VALUES ('f45cb160-6c9c-46f4-bb38-17d90f784498');
INSERT INTO `multiple_choice_question` (`call_flow_element_id`) VALUES ('655d9123-121d-4549-b215-aa12ed3d7e00');
INSERT INTO `multiple_choice_question` (`call_flow_element_id`) VALUES ('a8543d48-a62c-455a-b6d4-820bc5fbdd9c');
INSERT INTO `multiple_choice_question` (`call_flow_element_id`) VALUES ('436dfdbb-d60c-417b-97ca-c9437013f45e');
INSERT INTO `multiple_choice_question` (`call_flow_element_id`) VALUES ('210f64ef-95a6-4a42-b291-6ce8d44dd7fe');
INSERT INTO `multiple_choice_question` (`call_flow_element_id`) VALUES ('355c6874-30e9-4dc9-b597-ad25ab571255');
INSERT INTO `multiple_choice_question` (`call_flow_element_id`) VALUES ('1551ec9e-0e9c-4b01-ab07-b9a54c420c19');
INSERT INTO `multiple_choice_question` (`call_flow_element_id`) VALUES ('77c3dcaf-f9ef-408e-a876-e8e91d2a4db4');
INSERT INTO `multiple_choice_question` (`call_flow_element_id`) VALUES ('880a1e03-f062-4191-bcf4-d97cd2a2d906');
INSERT INTO `multiple_choice_question` (`call_flow_element_id`) VALUES ('f566fc3c-b137-413a-b88a-d3bd3ac3db8e');
INSERT INTO `multiple_choice_question` (`call_flow_element_id`) VALUES ('538e179b-6bf8-4e99-8dae-0a46a75631e8');
INSERT INTO `multiple_choice_question` (`call_flow_element_id`) VALUES ('23bb106b-ca78-4f16-bacd-6854a100446a');
INSERT INTO `multiple_choice_question` (`call_flow_element_id`) VALUES ('3f5ea313-79cf-4bbd-abf4-1c1151ddc9d1');
INSERT INTO `multiple_choice_question` (`call_flow_element_id`) VALUES ('a1c5cf4f-3917-4a62-ac26-397e68a4f10b');
INSERT INTO `multiple_choice_question` (`call_flow_element_id`) VALUES ('b5e0cf92-612f-405b-9e0d-3a9a6dea02e3');
INSERT INTO `multiple_choice_question` (`call_flow_element_id`) VALUES ('1e9c8f76-0145-4136-86df-8556bb3e27d3');
INSERT INTO `multiple_choice_question` (`call_flow_element_id`) VALUES ('b79ac377-96dc-4150-b8d9-2ab160423696');
INSERT INTO `multiple_choice_question` (`call_flow_element_id`) VALUES ('ada84449-4c16-4742-ab57-590b1b352dfb');


INSERT INTO `choice` (`id`,`created_date`,`updated_date`,`description`,`type`,`ivr_name`,`question_id`,`choice_id`) VALUES ('c76b5f44-3d97-4a5c-8250-13eeaa220d70', NULL, '2018-04-27 16:52:59', NULL, 'CORRECT', NULL, '02ae38da-2633-4ab2-b0e5-e9d911680130', 1);
INSERT INTO `choice` (`id`,`created_date`,`updated_date`,`description`,`type`,`ivr_name`,`question_id`,`choice_id`) VALUES ('de3a3718-dee3-4400-9538-7567a68d478b', NULL, '2018-04-27 16:52:59', NULL, 'INCORRECT', NULL, '02ae38da-2633-4ab2-b0e5-e9d911680130', 2);
INSERT INTO `choice` (`id`,`created_date`,`updated_date`,`description`,`type`,`ivr_name`,`question_id`,`choice_id`) VALUES ('5800597a-c845-4ff2-b360-83244b0aa6bc', NULL, '2018-04-27 16:52:59', NULL, 'INCORRECT', NULL, '6f187818-428f-47e6-b661-cf94a463d732', 1);
INSERT INTO `choice` (`id`,`created_date`,`updated_date`,`description`,`type`,`ivr_name`,`question_id`,`choice_id`) VALUES ('ab83573a-8a75-4174-af16-45269049d773', NULL, '2018-04-27 16:52:59', NULL, 'CORRECT', NULL, '6f187818-428f-47e6-b661-cf94a463d732', 2);
INSERT INTO `choice` (`id`,`created_date`,`updated_date`,`description`,`type`,`ivr_name`,`question_id`,`choice_id`) VALUES ('0cbaa7b3-a066-4246-8ee4-84a640a02367', NULL, '2018-04-27 16:52:59', NULL, 'INCORRECT', NULL, 'dd5ae3c6-e987-4997-a62b-a56e3c8d574e', 1);
INSERT INTO `choice` (`id`,`created_date`,`updated_date`,`description`,`type`,`ivr_name`,`question_id`,`choice_id`) VALUES ('35737002-a881-4585-93e5-70f2624b1204', NULL, '2018-04-27 16:52:59', NULL, 'INCORRECT', NULL, 'dd5ae3c6-e987-4997-a62b-a56e3c8d574e', 2);
INSERT INTO `choice` (`id`,`created_date`,`updated_date`,`description`,`type`,`ivr_name`,`question_id`,`choice_id`) VALUES ('717f7cd7-3900-466d-bfd0-4e7737bdf239', NULL, '2018-04-27 16:52:59', NULL, 'CORRECT', NULL, 'dd5ae3c6-e987-4997-a62b-a56e3c8d574e', 3);
INSERT INTO `choice` (`id`,`created_date`,`updated_date`,`description`,`type`,`ivr_name`,`question_id`,`choice_id`) VALUES ('cb74f2cd-572d-4f02-aeef-5c51fd85b62a', NULL, '2018-04-27 16:52:59', NULL, 'INCORRECT', NULL, 'e587920d-13b1-45fb-8ce1-4d6d872fc211', 1);
INSERT INTO `choice` (`id`,`created_date`,`updated_date`,`description`,`type`,`ivr_name`,`question_id`,`choice_id`) VALUES ('d5bc3a98-cabe-4453-a36c-cfdbb80d0ff6', NULL, '2018-04-27 16:52:59', NULL, 'INCORRECT', NULL, 'e587920d-13b1-45fb-8ce1-4d6d872fc211', 2);
INSERT INTO `choice` (`id`,`created_date`,`updated_date`,`description`,`type`,`ivr_name`,`question_id`,`choice_id`) VALUES ('5c952a5e-f639-4bce-8fa5-7cbe3693a1af', NULL, '2018-04-27 16:52:59', NULL, 'CORRECT', NULL, 'e587920d-13b1-45fb-8ce1-4d6d872fc211', 3);
INSERT INTO `choice` (`id`,`created_date`,`updated_date`,`description`,`type`,`ivr_name`,`question_id`,`choice_id`) VALUES ('1db5e1e8-cf02-4f1c-917b-54ce60e236c1', NULL, '2018-04-27 16:52:59', NULL, 'CORRECT', NULL, 'a1c18a46-2589-41f4-99a3-e886e65bd6f6', 1);
INSERT INTO `choice` (`id`,`created_date`,`updated_date`,`description`,`type`,`ivr_name`,`question_id`,`choice_id`) VALUES ('3b3877c5-198b-41c9-8749-1c1931bf4cd8', NULL, '2018-04-27 16:52:59', NULL, 'INCORRECT', NULL, 'a1c18a46-2589-41f4-99a3-e886e65bd6f6', 2);
INSERT INTO `choice` (`id`,`created_date`,`updated_date`,`description`,`type`,`ivr_name`,`question_id`,`choice_id`) VALUES ('c76c4833-ce92-42da-8495-9b0a32677ad2', NULL, '2018-04-27 16:52:59', NULL, 'INCORRECT', NULL, 'a1c18a46-2589-41f4-99a3-e886e65bd6f6', 3);
INSERT INTO `choice` (`id`,`created_date`,`updated_date`,`description`,`type`,`ivr_name`,`question_id`,`choice_id`) VALUES ('478be371-9b84-47e2-aa5e-7aed2b3c59a8', NULL, '2018-04-27 16:52:59', NULL, 'INCORRECT', NULL, '01c6b4bd-1838-4b0c-ab70-bb7606837286', 1);
INSERT INTO `choice` (`id`,`created_date`,`updated_date`,`description`,`type`,`ivr_name`,`question_id`,`choice_id`) VALUES ('2b1deef5-ca2f-430d-b90c-c6e2057df891', NULL, '2018-04-27 16:52:59', NULL, 'CORRECT', NULL, '01c6b4bd-1838-4b0c-ab70-bb7606837286', 2);
INSERT INTO `choice` (`id`,`created_date`,`updated_date`,`description`,`type`,`ivr_name`,`question_id`,`choice_id`) VALUES ('3de31f8a-7bdd-4b20-901d-cc2765f4a066', NULL, '2018-04-27 16:52:59', NULL, 'INCORRECT', NULL, '01c6b4bd-1838-4b0c-ab70-bb7606837286', 3);
INSERT INTO `choice` (`id`,`created_date`,`updated_date`,`description`,`type`,`ivr_name`,`question_id`,`choice_id`) VALUES ('908aae92-ee59-4c02-a29f-f37954ac5555', NULL, '2018-04-27 16:52:59', NULL, 'INCORRECT', NULL, 'fd4e1a19-1997-4a0e-81ec-921feb5c4145', 1);
INSERT INTO `choice` (`id`,`created_date`,`updated_date`,`description`,`type`,`ivr_name`,`question_id`,`choice_id`) VALUES ('981d07a7-4a97-4fef-a1a9-effd91e5df04', NULL, '2018-04-27 16:52:59', NULL, 'INCORRECT', NULL, 'fd4e1a19-1997-4a0e-81ec-921feb5c4145', 2);
INSERT INTO `choice` (`id`,`created_date`,`updated_date`,`description`,`type`,`ivr_name`,`question_id`,`choice_id`) VALUES ('cf02c86c-015b-4297-a8a7-f7ca94a8eedf', NULL, '2018-04-27 16:52:59', NULL, 'CORRECT', NULL, 'fd4e1a19-1997-4a0e-81ec-921feb5c4145', 3);
INSERT INTO `choice` (`id`,`created_date`,`updated_date`,`description`,`type`,`ivr_name`,`question_id`,`choice_id`) VALUES ('9d51856f-fa95-45b6-82cd-a4a0fdc861fb', NULL, '2018-04-27 16:52:59', NULL, 'INCORRECT', NULL, '0481eb61-cde5-42ba-8ea6-629d70bfb3da', 1);
INSERT INTO `choice` (`id`,`created_date`,`updated_date`,`description`,`type`,`ivr_name`,`question_id`,`choice_id`) VALUES ('28d97c6b-ff8c-4dd8-97b5-6a64a3482382', NULL, '2018-04-27 16:52:59', NULL, 'INCORRECT', NULL, '0481eb61-cde5-42ba-8ea6-629d70bfb3da', 2);
INSERT INTO `choice` (`id`,`created_date`,`updated_date`,`description`,`type`,`ivr_name`,`question_id`,`choice_id`) VALUES ('113ef725-6313-4098-8835-6043df64fc18', NULL, '2018-04-27 16:52:59', NULL, 'CORRECT', NULL, '0481eb61-cde5-42ba-8ea6-629d70bfb3da', 3);
INSERT INTO `choice` (`id`,`created_date`,`updated_date`,`description`,`type`,`ivr_name`,`question_id`,`choice_id`) VALUES ('d7a949af-b8ab-43bb-be32-8de4c034021b', NULL, '2018-04-27 16:52:59', NULL, 'CORRECT', NULL, '0d130fcb-7f60-452c-8c24-3121d5b54335', 1);
INSERT INTO `choice` (`id`,`created_date`,`updated_date`,`description`,`type`,`ivr_name`,`question_id`,`choice_id`) VALUES ('b3f37508-008e-4911-8156-1c18b81e9743', NULL, '2018-04-27 16:52:59', NULL, 'INCORRECT', NULL, '0d130fcb-7f60-452c-8c24-3121d5b54335', 2);
INSERT INTO `choice` (`id`,`created_date`,`updated_date`,`description`,`type`,`ivr_name`,`question_id`,`choice_id`) VALUES ('1d00d3ef-b773-4442-a2cb-3dd8a8d50732', NULL, '2018-04-27 16:52:59', NULL, 'INCORRECT', NULL, '1732887a-352b-479e-8fba-81dfaf2b2b82', 1);
INSERT INTO `choice` (`id`,`created_date`,`updated_date`,`description`,`type`,`ivr_name`,`question_id`,`choice_id`) VALUES ('be9bdc5b-2095-4118-ad69-e1da92bedf93', NULL, '2018-04-27 16:52:59', NULL, 'INCORRECT', NULL, '1732887a-352b-479e-8fba-81dfaf2b2b82', 2);
INSERT INTO `choice` (`id`,`created_date`,`updated_date`,`description`,`type`,`ivr_name`,`question_id`,`choice_id`) VALUES ('34b89616-68a0-4b39-9987-72497ed9d971', NULL, '2018-04-27 16:52:59', NULL, 'CORRECT', NULL, '1732887a-352b-479e-8fba-81dfaf2b2b82', 3);
INSERT INTO `choice` (`id`,`created_date`,`updated_date`,`description`,`type`,`ivr_name`,`question_id`,`choice_id`) VALUES ('8676af24-e5ca-4aed-bb5a-cf3348d0660c', NULL, '2018-04-27 16:52:59', NULL, 'CORRECT', NULL, '23d83b87-a0e9-4fad-b527-2b70c9158817', 1);
INSERT INTO `choice` (`id`,`created_date`,`updated_date`,`description`,`type`,`ivr_name`,`question_id`,`choice_id`) VALUES ('384aca4a-455b-4fbb-9d99-65292e46daf0', NULL, '2018-04-27 16:52:59', NULL, 'INCORRECT', NULL, '23d83b87-a0e9-4fad-b527-2b70c9158817', 2);
INSERT INTO `choice` (`id`,`created_date`,`updated_date`,`description`,`type`,`ivr_name`,`question_id`,`choice_id`) VALUES ('52cf8caf-62a2-4803-a11e-adeb73a9a3e6', NULL, '2018-04-27 16:52:59', NULL, 'INCORRECT', NULL, '2c2fafa4-652e-4d78-a87f-9c53668afa34', 1);
INSERT INTO `choice` (`id`,`created_date`,`updated_date`,`description`,`type`,`ivr_name`,`question_id`,`choice_id`) VALUES ('18d43292-ad01-4cdc-b549-984873e831d1', NULL, '2018-04-27 16:52:59', NULL, 'CORRECT', NULL, '2c2fafa4-652e-4d78-a87f-9c53668afa34', 2);
INSERT INTO `choice` (`id`,`created_date`,`updated_date`,`description`,`type`,`ivr_name`,`question_id`,`choice_id`) VALUES ('dcaa7580-ff3c-409f-b8df-cd8d10d74d09', NULL, '2018-04-27 16:52:59', NULL, 'INCORRECT', NULL, '2c2fafa4-652e-4d78-a87f-9c53668afa34', 3);
INSERT INTO `choice` (`id`,`created_date`,`updated_date`,`description`,`type`,`ivr_name`,`question_id`,`choice_id`) VALUES ('ba34d3bf-a8a4-4ef5-a080-07d6ef799954', NULL, '2018-04-27 16:52:59', NULL, 'INCORRECT', NULL, '2eea99f0-9899-492c-b64d-63c60bad792e', 1);
INSERT INTO `choice` (`id`,`created_date`,`updated_date`,`description`,`type`,`ivr_name`,`question_id`,`choice_id`) VALUES ('26e008d1-f10b-4126-b7ff-bb8033d992e2', NULL, '2018-04-27 16:52:59', NULL, 'INCORRECT', NULL, '2eea99f0-9899-492c-b64d-63c60bad792e', 2);
INSERT INTO `choice` (`id`,`created_date`,`updated_date`,`description`,`type`,`ivr_name`,`question_id`,`choice_id`) VALUES ('289de7eb-26d7-4405-899e-dfdc36d521a1', NULL, '2018-04-27 16:52:59', NULL, 'CORRECT', NULL, '2eea99f0-9899-492c-b64d-63c60bad792e', 3);
INSERT INTO `choice` (`id`,`created_date`,`updated_date`,`description`,`type`,`ivr_name`,`question_id`,`choice_id`) VALUES ('77da211d-03da-4287-be33-e9fcc865a517', NULL, '2018-04-27 16:52:59', NULL, 'INCORRECT', NULL, '384c1e5c-9d38-441d-87ab-147e648d7217', 1);
INSERT INTO `choice` (`id`,`created_date`,`updated_date`,`description`,`type`,`ivr_name`,`question_id`,`choice_id`) VALUES ('34e3bed5-503f-4fea-89f1-54e8fe5a53bb', NULL, '2018-04-27 16:52:59', NULL, 'CORRECT', NULL, '384c1e5c-9d38-441d-87ab-147e648d7217', 2);
INSERT INTO `choice` (`id`,`created_date`,`updated_date`,`description`,`type`,`ivr_name`,`question_id`,`choice_id`) VALUES ('14bdb403-03bf-4a3e-afc5-8051eac9e816', NULL, '2018-04-27 16:52:59', NULL, 'CORRECT', NULL, '3ce9b490-b2f8-4147-917f-b1e18fd339da', 1);
INSERT INTO `choice` (`id`,`created_date`,`updated_date`,`description`,`type`,`ivr_name`,`question_id`,`choice_id`) VALUES ('9a166686-21d3-413d-9eaf-882eee974f33', NULL, '2018-04-27 16:52:59', NULL, 'INCORRECT', NULL, '3ce9b490-b2f8-4147-917f-b1e18fd339da', 2);
INSERT INTO `choice` (`id`,`created_date`,`updated_date`,`description`,`type`,`ivr_name`,`question_id`,`choice_id`) VALUES ('f65c880b-f60d-45f8-b2d3-eb6dcbb3a39f', NULL, '2018-04-27 16:52:59', NULL, 'INCORRECT', NULL, '3e498211-7e3c-4d21-b66c-4d60b8777f69', 1);
INSERT INTO `choice` (`id`,`created_date`,`updated_date`,`description`,`type`,`ivr_name`,`question_id`,`choice_id`) VALUES ('449368d3-f47b-45f0-b3b8-8268804624b6', NULL, '2018-04-27 16:52:59', NULL, 'CORRECT', NULL, '3e498211-7e3c-4d21-b66c-4d60b8777f69', 2);
INSERT INTO `choice` (`id`,`created_date`,`updated_date`,`description`,`type`,`ivr_name`,`question_id`,`choice_id`) VALUES ('43966487-11c7-47d1-9cbb-9c1fea1c8353', NULL, '2018-04-27 16:52:59', NULL, 'INCORRECT', NULL, '3e498211-7e3c-4d21-b66c-4d60b8777f69', 3);
INSERT INTO `choice` (`id`,`created_date`,`updated_date`,`description`,`type`,`ivr_name`,`question_id`,`choice_id`) VALUES ('54dd266a-6f24-4c0b-a7f7-2d46932b9cb2', NULL, '2018-04-27 16:52:59', NULL, 'INCORRECT', NULL, '3fb7e61e-1f6c-4a86-8ded-5ae540ad8904', 1);
INSERT INTO `choice` (`id`,`created_date`,`updated_date`,`description`,`type`,`ivr_name`,`question_id`,`choice_id`) VALUES ('ce809744-4c2b-447a-9416-7e30dd389b6c', NULL, '2018-04-27 16:52:59', NULL, 'INCORRECT', NULL, '3fb7e61e-1f6c-4a86-8ded-5ae540ad8904', 2);
INSERT INTO `choice` (`id`,`created_date`,`updated_date`,`description`,`type`,`ivr_name`,`question_id`,`choice_id`) VALUES ('ceb6a452-8960-4d0b-a107-0495fd9b3f47', NULL, '2018-04-27 16:52:59', NULL, 'CORRECT', NULL, '3fb7e61e-1f6c-4a86-8ded-5ae540ad8904', 3);
INSERT INTO `choice` (`id`,`created_date`,`updated_date`,`description`,`type`,`ivr_name`,`question_id`,`choice_id`) VALUES ('cb744c35-5c2d-4b93-afac-a1e3bbb01512', NULL, '2018-04-27 16:52:59', NULL, 'INCORRECT', NULL, '4305ee0d-326a-410c-a84e-10ee7b84ae97', 1);
INSERT INTO `choice` (`id`,`created_date`,`updated_date`,`description`,`type`,`ivr_name`,`question_id`,`choice_id`) VALUES ('1f88ed01-a95b-4dcc-aae7-6743dec170d1', NULL, '2018-04-27 16:52:59', NULL, 'INCORRECT', NULL, '4305ee0d-326a-410c-a84e-10ee7b84ae97', 2);
INSERT INTO `choice` (`id`,`created_date`,`updated_date`,`description`,`type`,`ivr_name`,`question_id`,`choice_id`) VALUES ('d84601a4-23fe-4538-951c-2dc929ad2816', NULL, '2018-04-27 16:52:59', NULL, 'CORRECT', NULL, '4305ee0d-326a-410c-a84e-10ee7b84ae97', 3);
INSERT INTO `choice` (`id`,`created_date`,`updated_date`,`description`,`type`,`ivr_name`,`question_id`,`choice_id`) VALUES ('fe5238c8-7e00-49f9-9106-8ce43110bc9d', NULL, '2018-04-27 16:52:59', NULL, 'CORRECT', NULL, '473beadf-52a1-446a-bd07-dafd038d06bb', 1);
INSERT INTO `choice` (`id`,`created_date`,`updated_date`,`description`,`type`,`ivr_name`,`question_id`,`choice_id`) VALUES ('60ca3521-4698-4414-bc53-008ece683e8d', NULL, '2018-04-27 16:52:59', NULL, 'INCORRECT', NULL, '473beadf-52a1-446a-bd07-dafd038d06bb', 2);
INSERT INTO `choice` (`id`,`created_date`,`updated_date`,`description`,`type`,`ivr_name`,`question_id`,`choice_id`) VALUES ('17453f69-0ac3-4d8a-a8b0-889b64af3332', NULL, '2018-04-27 16:52:59', NULL, 'INCORRECT', NULL, '4e748526-39de-4298-888d-1b6256d26711', 1);
INSERT INTO `choice` (`id`,`created_date`,`updated_date`,`description`,`type`,`ivr_name`,`question_id`,`choice_id`) VALUES ('ab4b393b-8aaa-4316-a394-49f7211c7390', NULL, '2018-04-27 16:52:59', NULL, 'INCORRECT', NULL, '4e748526-39de-4298-888d-1b6256d26711', 2);
INSERT INTO `choice` (`id`,`created_date`,`updated_date`,`description`,`type`,`ivr_name`,`question_id`,`choice_id`) VALUES ('792c80aa-5ce2-4a18-a1b5-3d4903404e18', NULL, '2018-04-27 16:52:59', NULL, 'CORRECT', NULL, '4e748526-39de-4298-888d-1b6256d26711', 3);
INSERT INTO `choice` (`id`,`created_date`,`updated_date`,`description`,`type`,`ivr_name`,`question_id`,`choice_id`) VALUES ('f1a4f62e-fe2b-44fd-b565-fcaf58b732e1', NULL, '2018-04-27 16:52:59', NULL, 'CORRECT', NULL, 'f0dbdcc3-6c6d-4a1a-aa8c-b30707055565', 1);
INSERT INTO `choice` (`id`,`created_date`,`updated_date`,`description`,`type`,`ivr_name`,`question_id`,`choice_id`) VALUES ('d4155675-2add-4479-8826-810e795aa174', NULL, '2018-04-27 16:52:59', NULL, 'INCORRECT', NULL, 'f0dbdcc3-6c6d-4a1a-aa8c-b30707055565', 2);
INSERT INTO `choice` (`id`,`created_date`,`updated_date`,`description`,`type`,`ivr_name`,`question_id`,`choice_id`) VALUES ('b51c8440-a893-43d5-849f-88aa8039dec1', NULL, '2018-04-27 16:52:59', NULL, 'INCORRECT', NULL, '6b3eebc1-c4f9-46a0-af54-a051927b6cb4', 1);
INSERT INTO `choice` (`id`,`created_date`,`updated_date`,`description`,`type`,`ivr_name`,`question_id`,`choice_id`) VALUES ('057ef1b6-f2c6-4706-90e2-c2c86c519da8', NULL, '2018-04-27 16:52:59', NULL, 'CORRECT', NULL, '6b3eebc1-c4f9-46a0-af54-a051927b6cb4', 2);
INSERT INTO `choice` (`id`,`created_date`,`updated_date`,`description`,`type`,`ivr_name`,`question_id`,`choice_id`) VALUES ('c871c7d9-46f5-438b-bbd5-6002ba7e437a', NULL, '2018-04-27 16:52:59', NULL, 'INCORRECT', NULL, '52a65a92-bd03-40e3-ad61-a81614ec4f9e', 1);
INSERT INTO `choice` (`id`,`created_date`,`updated_date`,`description`,`type`,`ivr_name`,`question_id`,`choice_id`) VALUES ('83c8af7a-3757-481f-a21f-d1ab888de99a', NULL, '2018-04-27 16:52:59', NULL, 'INCORRECT', NULL, '52a65a92-bd03-40e3-ad61-a81614ec4f9e', 2);
INSERT INTO `choice` (`id`,`created_date`,`updated_date`,`description`,`type`,`ivr_name`,`question_id`,`choice_id`) VALUES ('a46b750a-1d8b-4623-9a31-3e182ae68dbb', NULL, '2018-04-27 16:52:59', NULL, 'CORRECT', NULL, '52a65a92-bd03-40e3-ad61-a81614ec4f9e', 3);
INSERT INTO `choice` (`id`,`created_date`,`updated_date`,`description`,`type`,`ivr_name`,`question_id`,`choice_id`) VALUES ('c068fada-8f85-41df-a25b-341caff73dee', NULL, '2018-04-27 16:52:59', NULL, 'INCORRECT', NULL, '77124324-7855-4baa-a664-6239f5f34668', 1);
INSERT INTO `choice` (`id`,`created_date`,`updated_date`,`description`,`type`,`ivr_name`,`question_id`,`choice_id`) VALUES ('0749237b-088e-4f38-9e5d-ed508504a0ec', NULL, '2018-04-27 16:52:59', NULL, 'INCORRECT', NULL, '77124324-7855-4baa-a664-6239f5f34668', 2);
INSERT INTO `choice` (`id`,`created_date`,`updated_date`,`description`,`type`,`ivr_name`,`question_id`,`choice_id`) VALUES ('c633b8dc-cf2e-4ccb-9420-aedb6e9ddc54', NULL, '2018-04-27 16:52:59', NULL, 'CORRECT', NULL, '77124324-7855-4baa-a664-6239f5f34668', 3);
INSERT INTO `choice` (`id`,`created_date`,`updated_date`,`description`,`type`,`ivr_name`,`question_id`,`choice_id`) VALUES ('d6c05640-59b0-4ece-9f05-79e5aa08c36b', NULL, '2018-04-27 16:52:59', NULL, 'CORRECT', NULL, '49c45d85-f0d0-4d30-ab37-100349d7aefc', 1);
INSERT INTO `choice` (`id`,`created_date`,`updated_date`,`description`,`type`,`ivr_name`,`question_id`,`choice_id`) VALUES ('cd541fdc-f200-43cf-b5b3-bca5e22979a4', NULL, '2018-04-27 16:52:59', NULL, 'INCORRECT', NULL, '49c45d85-f0d0-4d30-ab37-100349d7aefc', 2);
INSERT INTO `choice` (`id`,`created_date`,`updated_date`,`description`,`type`,`ivr_name`,`question_id`,`choice_id`) VALUES ('607a5ae2-7e0f-4190-837e-c53145047ed5', NULL, '2018-04-27 16:52:59', NULL, 'INCORRECT', NULL, '49c45d85-f0d0-4d30-ab37-100349d7aefc', 3);
INSERT INTO `choice` (`id`,`created_date`,`updated_date`,`description`,`type`,`ivr_name`,`question_id`,`choice_id`) VALUES ('665ba03c-ffd6-40ab-89c1-c54206e4bac7', NULL, '2018-04-27 16:52:59', NULL, 'INCORRECT', NULL, '0698896c-f0ca-411b-852c-1785e7da68b9', 1);
INSERT INTO `choice` (`id`,`created_date`,`updated_date`,`description`,`type`,`ivr_name`,`question_id`,`choice_id`) VALUES ('b8b7f6a3-42aa-4e4f-af20-12cbcf1576f3', NULL, '2018-04-27 16:52:59', NULL, 'CORRECT', NULL, '0698896c-f0ca-411b-852c-1785e7da68b9', 2);
INSERT INTO `choice` (`id`,`created_date`,`updated_date`,`description`,`type`,`ivr_name`,`question_id`,`choice_id`) VALUES ('4b734b2c-6304-461b-9edb-47d728c24921', NULL, '2018-04-27 16:52:59', NULL, 'INCORRECT', NULL, '0698896c-f0ca-411b-852c-1785e7da68b9', 3);
INSERT INTO `choice` (`id`,`created_date`,`updated_date`,`description`,`type`,`ivr_name`,`question_id`,`choice_id`) VALUES ('2d6448ac-6878-4e4d-af3d-5d33079f935c', NULL, '2018-04-27 16:52:59', NULL, 'INCORRECT', NULL, '06d45e16-ffc3-4d34-9a06-c5ec97accfde', 1);
INSERT INTO `choice` (`id`,`created_date`,`updated_date`,`description`,`type`,`ivr_name`,`question_id`,`choice_id`) VALUES ('1fb77e14-b28c-4e8a-a0bb-42d3f714218e', NULL, '2018-04-27 16:52:59', NULL, 'INCORRECT', NULL, '06d45e16-ffc3-4d34-9a06-c5ec97accfde', 2);
INSERT INTO `choice` (`id`,`created_date`,`updated_date`,`description`,`type`,`ivr_name`,`question_id`,`choice_id`) VALUES ('d47df772-cce0-4a5c-9be0-28883b4e0a54', NULL, '2018-04-27 16:52:59', NULL, 'CORRECT', NULL, '06d45e16-ffc3-4d34-9a06-c5ec97accfde', 3);
INSERT INTO `choice` (`id`,`created_date`,`updated_date`,`description`,`type`,`ivr_name`,`question_id`,`choice_id`) VALUES ('1c30e06d-b3af-48ca-b000-b97d3e0e21d0', NULL, '2018-04-27 16:52:59', NULL, 'INCORRECT', NULL, '0702d19a-e30f-4ea8-831d-d6a74aeb2ab5', 1);
INSERT INTO `choice` (`id`,`created_date`,`updated_date`,`description`,`type`,`ivr_name`,`question_id`,`choice_id`) VALUES ('96b11540-ee46-441c-8d79-d78bccc3972a', NULL, '2018-04-27 16:52:59', NULL, 'INCORRECT', NULL, '0702d19a-e30f-4ea8-831d-d6a74aeb2ab5', 2);
INSERT INTO `choice` (`id`,`created_date`,`updated_date`,`description`,`type`,`ivr_name`,`question_id`,`choice_id`) VALUES ('682e4c78-cf10-4a78-acd0-f46d06313955', NULL, '2018-04-27 16:52:59', NULL, 'CORRECT', NULL, '0702d19a-e30f-4ea8-831d-d6a74aeb2ab5', 3);
INSERT INTO `choice` (`id`,`created_date`,`updated_date`,`description`,`type`,`ivr_name`,`question_id`,`choice_id`) VALUES ('fc77b867-51b2-4bb0-babc-aca79a77094f', NULL, '2018-04-27 16:52:59', NULL, 'CORRECT', NULL, '2a6c726e-a8fe-43bf-b5ad-4a19a7d652a6', 1);
INSERT INTO `choice` (`id`,`created_date`,`updated_date`,`description`,`type`,`ivr_name`,`question_id`,`choice_id`) VALUES ('bb520d69-5307-4493-ae44-848db55b614a', NULL, '2018-04-27 16:52:59', NULL, 'INCORRECT', NULL, '2a6c726e-a8fe-43bf-b5ad-4a19a7d652a6', 2);
INSERT INTO `choice` (`id`,`created_date`,`updated_date`,`description`,`type`,`ivr_name`,`question_id`,`choice_id`) VALUES ('fd039e4b-ddac-4947-aa87-5479f6295956', NULL, '2018-04-27 16:52:59', NULL, 'INCORRECT', NULL, '0b1794d2-1984-456f-b858-77d24f643543', 1);
INSERT INTO `choice` (`id`,`created_date`,`updated_date`,`description`,`type`,`ivr_name`,`question_id`,`choice_id`) VALUES ('0d28103c-c899-4568-a777-0be007dab4cf', NULL, '2018-04-27 16:52:59', NULL, 'INCORRECT', NULL, '0b1794d2-1984-456f-b858-77d24f643543', 2);
INSERT INTO `choice` (`id`,`created_date`,`updated_date`,`description`,`type`,`ivr_name`,`question_id`,`choice_id`) VALUES ('d58bb27e-bc65-44f6-9fce-510637b1c2f1', NULL, '2018-04-27 16:52:59', NULL, 'CORRECT', NULL, '0b1794d2-1984-456f-b858-77d24f643543', 3);
INSERT INTO `choice` (`id`,`created_date`,`updated_date`,`description`,`type`,`ivr_name`,`question_id`,`choice_id`) VALUES ('810c25ad-94cc-4de1-b3f0-87d53f89ba2e', NULL, '2018-04-27 16:52:59', NULL, 'CORRECT', NULL, '0b514593-7c0b-409b-834b-b6e6ce85e182', 1);
INSERT INTO `choice` (`id`,`created_date`,`updated_date`,`description`,`type`,`ivr_name`,`question_id`,`choice_id`) VALUES ('f34f85cc-97f6-4217-b33d-f20e07a4baff', NULL, '2018-04-27 16:52:59', NULL, 'INCORRECT', NULL, '0b514593-7c0b-409b-834b-b6e6ce85e182', 2);
INSERT INTO `choice` (`id`,`created_date`,`updated_date`,`description`,`type`,`ivr_name`,`question_id`,`choice_id`) VALUES ('e5627603-1067-4db5-be10-83681dd07add', NULL, '2018-04-27 16:52:59', NULL, 'INCORRECT', NULL, '0bd58d2e-efff-418a-b1f6-809be93bf58a', 1);
INSERT INTO `choice` (`id`,`created_date`,`updated_date`,`description`,`type`,`ivr_name`,`question_id`,`choice_id`) VALUES ('e941b8ee-3e05-4ff6-b8b7-37bbfb6257e8', NULL, '2018-04-27 16:52:59', NULL, 'CORRECT', NULL, '0bd58d2e-efff-418a-b1f6-809be93bf58a', 2);
INSERT INTO `choice` (`id`,`created_date`,`updated_date`,`description`,`type`,`ivr_name`,`question_id`,`choice_id`) VALUES ('cec2d7fa-73b2-4ac7-b170-4c9eee56333d', NULL, '2018-04-27 16:52:59', NULL, 'INCORRECT', NULL, '0bd58d2e-efff-418a-b1f6-809be93bf58a', 3);
INSERT INTO `choice` (`id`,`created_date`,`updated_date`,`description`,`type`,`ivr_name`,`question_id`,`choice_id`) VALUES ('2587b87d-2a2b-47f6-9c1a-c99039422c1c', NULL, '2018-04-27 16:52:59', NULL, 'INCORRECT', NULL, '47664d5c-443b-4df7-b4d6-4794fa078e45', 1);
INSERT INTO `choice` (`id`,`created_date`,`updated_date`,`description`,`type`,`ivr_name`,`question_id`,`choice_id`) VALUES ('d3fabdda-ab3f-4ac3-b88f-e5d714350b20', NULL, '2018-04-27 16:52:59', NULL, 'INCORRECT', NULL, '47664d5c-443b-4df7-b4d6-4794fa078e45', 2);
INSERT INTO `choice` (`id`,`created_date`,`updated_date`,`description`,`type`,`ivr_name`,`question_id`,`choice_id`) VALUES ('3f203833-ce77-4683-9b8e-bc25e48b1edd', NULL, '2018-04-27 16:52:59', NULL, 'CORRECT', NULL, '47664d5c-443b-4df7-b4d6-4794fa078e45', 3);
INSERT INTO `choice` (`id`,`created_date`,`updated_date`,`description`,`type`,`ivr_name`,`question_id`,`choice_id`) VALUES ('49fdde0a-27d4-4fb0-bb78-3f28250c2db6', NULL, '2018-04-27 16:52:59', NULL, 'INCORRECT', NULL, '872ad814-b78e-406f-8ce5-a29a21742b8f', 1);
INSERT INTO `choice` (`id`,`created_date`,`updated_date`,`description`,`type`,`ivr_name`,`question_id`,`choice_id`) VALUES ('aa0ad341-660e-4cdb-a5a0-4eaa080cf687', NULL, '2018-04-27 16:52:59', NULL, 'CORRECT', NULL, '872ad814-b78e-406f-8ce5-a29a21742b8f', 2);
INSERT INTO `choice` (`id`,`created_date`,`updated_date`,`description`,`type`,`ivr_name`,`question_id`,`choice_id`) VALUES ('f248e291-26fe-4655-aafd-d47afbe2f655', NULL, '2018-04-27 16:52:59', NULL, 'INCORRECT', NULL, '8751db52-0930-449d-99fa-a71f1ead9978', 1);
INSERT INTO `choice` (`id`,`created_date`,`updated_date`,`description`,`type`,`ivr_name`,`question_id`,`choice_id`) VALUES ('cb44fb2e-88d8-4375-9bf7-aff991543a55', NULL, '2018-04-27 16:52:59', NULL, 'CORRECT', NULL, '8751db52-0930-449d-99fa-a71f1ead9978', 2);
INSERT INTO `choice` (`id`,`created_date`,`updated_date`,`description`,`type`,`ivr_name`,`question_id`,`choice_id`) VALUES ('bd1f9181-548c-42a1-9b22-d5dcf948c130', NULL, '2018-04-27 16:52:59', NULL, 'INCORRECT', NULL, '8751db52-0930-449d-99fa-a71f1ead9978', 3);
INSERT INTO `choice` (`id`,`created_date`,`updated_date`,`description`,`type`,`ivr_name`,`question_id`,`choice_id`) VALUES ('d3c07413-c44f-48ff-a021-cfe8da48d727', NULL, '2018-04-27 16:52:59', NULL, 'INCORRECT', NULL, '87a3e3de-44e5-4351-83be-bd79efa8879b', 1);
INSERT INTO `choice` (`id`,`created_date`,`updated_date`,`description`,`type`,`ivr_name`,`question_id`,`choice_id`) VALUES ('12da1a02-3d23-49d6-9dd9-7e6a33cb7317', NULL, '2018-04-27 16:52:59', NULL, 'INCORRECT', NULL, '87a3e3de-44e5-4351-83be-bd79efa8879b', 2);
INSERT INTO `choice` (`id`,`created_date`,`updated_date`,`description`,`type`,`ivr_name`,`question_id`,`choice_id`) VALUES ('86593bbb-b4cb-4850-9b3c-b7f81fd344fe', NULL, '2018-04-27 16:52:59', NULL, 'CORRECT', NULL, '87a3e3de-44e5-4351-83be-bd79efa8879b', 3);
INSERT INTO `choice` (`id`,`created_date`,`updated_date`,`description`,`type`,`ivr_name`,`question_id`,`choice_id`) VALUES ('cec4ad4c-5687-45ee-be7f-5819bbb0ab69', NULL, '2018-04-27 16:52:59', NULL, 'CORRECT', NULL, '231dec7e-c75f-4f2b-a78d-9ae64a71a970', 1);
INSERT INTO `choice` (`id`,`created_date`,`updated_date`,`description`,`type`,`ivr_name`,`question_id`,`choice_id`) VALUES ('c9754ba0-276b-423e-b50d-fbd4831e4ecc', NULL, '2018-04-27 16:52:59', NULL, 'INCORRECT', NULL, '231dec7e-c75f-4f2b-a78d-9ae64a71a970', 2);
INSERT INTO `choice` (`id`,`created_date`,`updated_date`,`description`,`type`,`ivr_name`,`question_id`,`choice_id`) VALUES ('fa638ceb-3fea-4a09-b37f-da0a3aeccb26', NULL, '2018-04-27 16:52:59', NULL, 'INCORRECT', NULL, 'b809c4fa-7382-4cd4-82c4-f6c1df25a0d3', 1);
INSERT INTO `choice` (`id`,`created_date`,`updated_date`,`description`,`type`,`ivr_name`,`question_id`,`choice_id`) VALUES ('a287dae2-657c-4781-b6e4-15423a0ac294', NULL, '2018-04-27 16:52:59', NULL, 'INCORRECT', NULL, 'b809c4fa-7382-4cd4-82c4-f6c1df25a0d3', 2);
INSERT INTO `choice` (`id`,`created_date`,`updated_date`,`description`,`type`,`ivr_name`,`question_id`,`choice_id`) VALUES ('de28e629-97f4-4f0a-bc60-a3b4daf50354', NULL, '2018-04-27 16:52:59', NULL, 'CORRECT', NULL, 'b809c4fa-7382-4cd4-82c4-f6c1df25a0d3', 3);
INSERT INTO `choice` (`id`,`created_date`,`updated_date`,`description`,`type`,`ivr_name`,`question_id`,`choice_id`) VALUES ('7697b5c2-7bad-4337-a1e4-e26a9021f4aa', NULL, '2018-04-27 16:52:59', NULL, 'CORRECT', NULL, '894931ba-47d1-418b-874c-4b4c00306e9b', 1);
INSERT INTO `choice` (`id`,`created_date`,`updated_date`,`description`,`type`,`ivr_name`,`question_id`,`choice_id`) VALUES ('14f06f5a-1cf3-45c2-a646-6e860c730be4', NULL, '2018-04-27 16:52:59', NULL, 'INCORRECT', NULL, '894931ba-47d1-418b-874c-4b4c00306e9b', 2);
INSERT INTO `choice` (`id`,`created_date`,`updated_date`,`description`,`type`,`ivr_name`,`question_id`,`choice_id`) VALUES ('dfd6ab06-4697-4fbf-be16-1e7712f342a8', NULL, '2018-04-27 16:52:59', NULL, 'INCORRECT', NULL, '899d0548-cdfc-4148-90f0-1ce613d69259', 1);
INSERT INTO `choice` (`id`,`created_date`,`updated_date`,`description`,`type`,`ivr_name`,`question_id`,`choice_id`) VALUES ('935d1ee1-53bb-4f55-90e0-2c47542216ae', NULL, '2018-04-27 16:52:59', NULL, 'INCORRECT', NULL, '899d0548-cdfc-4148-90f0-1ce613d69259', 2);
INSERT INTO `choice` (`id`,`created_date`,`updated_date`,`description`,`type`,`ivr_name`,`question_id`,`choice_id`) VALUES ('9a22565a-f16f-4dc9-ad17-073217bae965', NULL, '2018-04-27 16:52:59', NULL, 'CORRECT', NULL, '899d0548-cdfc-4148-90f0-1ce613d69259', 3);

INSERT INTO `choice` (`id`,`created_date`,`updated_date`,`description`,`type`,`ivr_name`,`question_id`,`choice_id`) VALUES ('6d100747-5a9c-4bee-81ad-0b39a658e1e0', NULL, '2018-05-08 14:51:25', NULL, 'INCORRECT', NULL, 'd28e889c-2501-46f0-be25-b1b16307283a', 1);
INSERT INTO `choice` (`id`,`created_date`,`updated_date`,`description`,`type`,`ivr_name`,`question_id`,`choice_id`) VALUES ('26f39d83-d204-49f8-b2d0-744702a61a16', NULL, '2018-05-08 14:51:25', NULL, 'INCORRECT', NULL, 'd28e889c-2501-46f0-be25-b1b16307283a', 2);
INSERT INTO `choice` (`id`,`created_date`,`updated_date`,`description`,`type`,`ivr_name`,`question_id`,`choice_id`) VALUES ('dc94079f-4b5f-4894-872e-b68748995885', NULL, '2018-05-08 14:51:25', NULL, 'CORRECT', NULL, 'd28e889c-2501-46f0-be25-b1b16307283a', 3);
INSERT INTO `choice` (`id`,`created_date`,`updated_date`,`description`,`type`,`ivr_name`,`question_id`,`choice_id`) VALUES ('22b3e8c9-3ccf-4ca2-b8cd-6aef0bb563c7', NULL, '2018-05-08 14:51:25', NULL, 'INCORRECT', NULL, 'd28e889c-2501-46f0-be25-b1b16307283a', 4);
INSERT INTO `choice` (`id`,`created_date`,`updated_date`,`description`,`type`,`ivr_name`,`question_id`,`choice_id`) VALUES ('fbd81780-2b79-4e64-87f6-9906e135050c', NULL, '2018-05-08 14:51:25', NULL, 'INCORRECT', NULL, 'cf8fe406-a05c-422a-83b1-8e8f095cbfd2', 1);
INSERT INTO `choice` (`id`,`created_date`,`updated_date`,`description`,`type`,`ivr_name`,`question_id`,`choice_id`) VALUES ('07e75e2f-e9e2-4bbe-9107-90c1adfc0161', NULL, '2018-05-08 14:51:25', NULL, 'INCORRECT', NULL, 'cf8fe406-a05c-422a-83b1-8e8f095cbfd2', 2);
INSERT INTO `choice` (`id`,`created_date`,`updated_date`,`description`,`type`,`ivr_name`,`question_id`,`choice_id`) VALUES ('8d3c5381-c459-42f3-b5e4-980aa72e364c', NULL, '2018-05-08 14:51:25', NULL, 'INCORRECT', NULL, 'cf8fe406-a05c-422a-83b1-8e8f095cbfd2', 3);
INSERT INTO `choice` (`id`,`created_date`,`updated_date`,`description`,`type`,`ivr_name`,`question_id`,`choice_id`) VALUES ('e9b5a0a5-471e-4596-b25b-0d797b69c69b', NULL, '2018-05-08 14:51:25', NULL, 'CORRECT', NULL, 'cf8fe406-a05c-422a-83b1-8e8f095cbfd2', 4);
INSERT INTO `choice` (`id`,`created_date`,`updated_date`,`description`,`type`,`ivr_name`,`question_id`,`choice_id`) VALUES ('9b76dbc0-11cf-443c-b6f3-5d94c89e916d', NULL, '2018-05-08 14:51:25', NULL, 'INCORRECT', NULL, '6f53ec27-643e-4a84-a7ae-75c7505597bd', 1);
INSERT INTO `choice` (`id`,`created_date`,`updated_date`,`description`,`type`,`ivr_name`,`question_id`,`choice_id`) VALUES ('ac917b34-56d0-4433-8130-794d4e73be1a', NULL, '2018-05-08 14:51:25', NULL, 'CORRECT', NULL, '6f53ec27-643e-4a84-a7ae-75c7505597bd', 2);
INSERT INTO `choice` (`id`,`created_date`,`updated_date`,`description`,`type`,`ivr_name`,`question_id`,`choice_id`) VALUES ('b836f480-ab0a-40f8-b98b-583a9d663a29', NULL, '2018-05-08 14:51:25', NULL, 'CORRECT', NULL, '4c24d922-4951-49f0-8444-49181d4bb25c', 1);
INSERT INTO `choice` (`id`,`created_date`,`updated_date`,`description`,`type`,`ivr_name`,`question_id`,`choice_id`) VALUES ('81f71a1a-bf57-4b4f-9e71-bc5d262c59c2', NULL, '2018-05-08 14:51:25', NULL, 'INCORRECT', NULL, '4c24d922-4951-49f0-8444-49181d4bb25c', 2);
INSERT INTO `choice` (`id`,`created_date`,`updated_date`,`description`,`type`,`ivr_name`,`question_id`,`choice_id`) VALUES ('07adf2b9-a698-4e3f-8a03-add483eea355', NULL, '2018-05-08 14:51:25', NULL, 'INCORRECT', NULL, '9780a224-7a89-4bf7-ba6d-3296ee635924', 1);
INSERT INTO `choice` (`id`,`created_date`,`updated_date`,`description`,`type`,`ivr_name`,`question_id`,`choice_id`) VALUES ('cbf72a39-42cc-4464-a9d0-75246802c90d', NULL, '2018-05-08 14:51:25', NULL, 'CORRECT', NULL, '9780a224-7a89-4bf7-ba6d-3296ee635924', 2);
INSERT INTO `choice` (`id`,`created_date`,`updated_date`,`description`,`type`,`ivr_name`,`question_id`,`choice_id`) VALUES ('18b3bf4a-a23d-4a0d-b185-1393076d8ec2', NULL, '2018-05-08 14:51:25', NULL, 'INCORRECT', NULL, 'c5172a7a-41cf-46d4-8d57-fe3a89e426ab', 1);
INSERT INTO `choice` (`id`,`created_date`,`updated_date`,`description`,`type`,`ivr_name`,`question_id`,`choice_id`) VALUES ('e105c3d4-6d1b-494c-ac91-2e3adc42f871', NULL, '2018-05-08 14:51:25', NULL, 'CORRECT', NULL, 'c5172a7a-41cf-46d4-8d57-fe3a89e426ab', 2);
INSERT INTO `choice` (`id`,`created_date`,`updated_date`,`description`,`type`,`ivr_name`,`question_id`,`choice_id`) VALUES ('583d43a8-4b33-4434-a276-c52bb4b3758c', NULL, '2018-05-08 14:51:25', NULL, 'INCORRECT', NULL, 'c5172a7a-41cf-46d4-8d57-fe3a89e426ab', 3);
INSERT INTO `choice` (`id`,`created_date`,`updated_date`,`description`,`type`,`ivr_name`,`question_id`,`choice_id`) VALUES ('7061d2db-97b2-4c20-90f3-50f9e168c306', NULL, '2018-05-08 14:51:25', NULL, 'INCORRECT', NULL, 'f84b7319-dc79-4544-989e-c476b082b6d9', 1);
INSERT INTO `choice` (`id`,`created_date`,`updated_date`,`description`,`type`,`ivr_name`,`question_id`,`choice_id`) VALUES ('a2c76e1e-eece-454d-a73c-8c140434e7f5', NULL, '2018-05-08 14:51:25', NULL, 'INCORRECT', NULL, 'f84b7319-dc79-4544-989e-c476b082b6d9', 2);
INSERT INTO `choice` (`id`,`created_date`,`updated_date`,`description`,`type`,`ivr_name`,`question_id`,`choice_id`) VALUES ('1dcc43e9-7abc-4142-8aed-e47126a482d8', NULL, '2018-05-08 14:51:25', NULL, 'CORRECT', NULL, 'f84b7319-dc79-4544-989e-c476b082b6d9', 3);
INSERT INTO `choice` (`id`,`created_date`,`updated_date`,`description`,`type`,`ivr_name`,`question_id`,`choice_id`) VALUES ('c1886da5-3490-4a7f-b4c4-66a657ebb030', NULL, '2018-05-08 14:51:25', NULL, 'CORRECT', NULL, 'a4bfe671-65f0-471f-ab2d-adb7f0421e8c', 1);
INSERT INTO `choice` (`id`,`created_date`,`updated_date`,`description`,`type`,`ivr_name`,`question_id`,`choice_id`) VALUES ('858f596e-311b-4f6e-b3a0-229d1417d177', NULL, '2018-05-08 14:51:25', NULL, 'INCORRECT', NULL, 'a4bfe671-65f0-471f-ab2d-adb7f0421e8c', 2);
INSERT INTO `choice` (`id`,`created_date`,`updated_date`,`description`,`type`,`ivr_name`,`question_id`,`choice_id`) VALUES ('18f52998-bb30-4638-9fc9-58df8e3d8378', NULL, '2018-05-08 14:51:25', NULL, 'INCORRECT', NULL, 'a4bfe671-65f0-471f-ab2d-adb7f0421e8c', 3);
INSERT INTO `choice` (`id`,`created_date`,`updated_date`,`description`,`type`,`ivr_name`,`question_id`,`choice_id`) VALUES ('3a378e0c-c3d4-478f-bba7-d30a3ea22b29', NULL, '2018-05-08 14:51:25', NULL, 'INCORRECT', NULL, '98aa90df-d73b-41c9-aaca-18128257180f', 1);
INSERT INTO `choice` (`id`,`created_date`,`updated_date`,`description`,`type`,`ivr_name`,`question_id`,`choice_id`) VALUES ('dacdc4d8-69cc-421e-938e-03206993db2d', NULL, '2018-05-08 14:51:25', NULL, 'CORRECT', NULL, '98aa90df-d73b-41c9-aaca-18128257180f', 2);
INSERT INTO `choice` (`id`,`created_date`,`updated_date`,`description`,`type`,`ivr_name`,`question_id`,`choice_id`) VALUES ('a9a4f196-5d0b-4633-997b-2f6ae6865ee7', NULL, '2018-05-08 14:51:25', NULL, 'INCORRECT', NULL, '98aa90df-d73b-41c9-aaca-18128257180f', 3);
INSERT INTO `choice` (`id`,`created_date`,`updated_date`,`description`,`type`,`ivr_name`,`question_id`,`choice_id`) VALUES ('b63fd220-40ac-4601-b303-a46534aed976', NULL, '2018-05-08 14:51:25', NULL, 'INCORRECT', NULL, '99464f99-cb7e-4323-9105-b128407eca39', 1);
INSERT INTO `choice` (`id`,`created_date`,`updated_date`,`description`,`type`,`ivr_name`,`question_id`,`choice_id`) VALUES ('237cd0c0-8ae5-47cb-87bd-86a7393d7b86', NULL, '2018-05-08 14:51:25', NULL, 'INCORRECT', NULL, '99464f99-cb7e-4323-9105-b128407eca39', 2);
INSERT INTO `choice` (`id`,`created_date`,`updated_date`,`description`,`type`,`ivr_name`,`question_id`,`choice_id`) VALUES ('ce1184fa-5353-4ee9-a6e5-fc2634a43870', NULL, '2018-05-08 14:51:25', NULL, 'CORRECT', NULL, '99464f99-cb7e-4323-9105-b128407eca39', 3);
INSERT INTO `choice` (`id`,`created_date`,`updated_date`,`description`,`type`,`ivr_name`,`question_id`,`choice_id`) VALUES ('a376af58-ab58-40a6-9244-c9674344093e', NULL, '2018-05-08 14:51:25', NULL, 'INCORRECT', NULL, 'dbf7f12a-8cf9-479f-9e48-f18a701222e1', 1);
INSERT INTO `choice` (`id`,`created_date`,`updated_date`,`description`,`type`,`ivr_name`,`question_id`,`choice_id`) VALUES ('0dc9be6f-9b04-4c5f-8bc1-e3ab9c70f37d', NULL, '2018-05-08 14:51:25', NULL, 'CORRECT', NULL, 'dbf7f12a-8cf9-479f-9e48-f18a701222e1', 2);
INSERT INTO `choice` (`id`,`created_date`,`updated_date`,`description`,`type`,`ivr_name`,`question_id`,`choice_id`) VALUES ('5d4179a4-72c2-4115-8245-def31fa03cd6', NULL, '2018-05-08 14:51:25', NULL, 'INCORRECT', NULL, 'd45d7068-66f5-44c9-addf-3fdcd6128587', 1);
INSERT INTO `choice` (`id`,`created_date`,`updated_date`,`description`,`type`,`ivr_name`,`question_id`,`choice_id`) VALUES ('b1acd2fb-665f-4569-af9d-7412b7bb748f', NULL, '2018-05-08 14:51:25', NULL, 'INCORRECT', NULL, 'd45d7068-66f5-44c9-addf-3fdcd6128587', 2);
INSERT INTO `choice` (`id`,`created_date`,`updated_date`,`description`,`type`,`ivr_name`,`question_id`,`choice_id`) VALUES ('d3084ee3-51da-4cf6-9ca3-b1a01ffa7b21', NULL, '2018-05-08 14:51:25', NULL, 'INCORRECT', NULL, 'd45d7068-66f5-44c9-addf-3fdcd6128587', 3);
INSERT INTO `choice` (`id`,`created_date`,`updated_date`,`description`,`type`,`ivr_name`,`question_id`,`choice_id`) VALUES ('11699202-9d9b-42e0-9167-e1befacdbeaa', NULL, '2018-05-08 14:51:25', NULL, 'CORRECT', NULL, 'd45d7068-66f5-44c9-addf-3fdcd6128587', 4);
INSERT INTO `choice` (`id`,`created_date`,`updated_date`,`description`,`type`,`ivr_name`,`question_id`,`choice_id`) VALUES ('17365842-e556-403d-835b-71d5a016318a', NULL, '2018-05-08 14:51:25', NULL, 'INCORRECT', NULL, '6ddf85c1-f913-4e73-8b55-fdaad7b97675', 1);
INSERT INTO `choice` (`id`,`created_date`,`updated_date`,`description`,`type`,`ivr_name`,`question_id`,`choice_id`) VALUES ('332849b9-3b0b-4e48-b9e6-ce11df06a46d', NULL, '2018-05-08 14:51:25', NULL, 'CORRECT', NULL, '6ddf85c1-f913-4e73-8b55-fdaad7b97675', 2);
INSERT INTO `choice` (`id`,`created_date`,`updated_date`,`description`,`type`,`ivr_name`,`question_id`,`choice_id`) VALUES ('94ab9f33-b243-4d27-938d-a82af5682d9f', NULL, '2018-05-08 14:51:25', NULL, 'INCORRECT', NULL, '0be2a02d-4e02-42c0-bce8-01b4ffa16425', 1);
INSERT INTO `choice` (`id`,`created_date`,`updated_date`,`description`,`type`,`ivr_name`,`question_id`,`choice_id`) VALUES ('2a72ebff-c25f-414d-b278-adffe7dd8fa7', NULL, '2018-05-08 14:51:25', NULL, 'CORRECT', NULL, '0be2a02d-4e02-42c0-bce8-01b4ffa16425', 2);
INSERT INTO `choice` (`id`,`created_date`,`updated_date`,`description`,`type`,`ivr_name`,`question_id`,`choice_id`) VALUES ('1355e7ff-59eb-48df-8169-9a200b1baaec', NULL, '2018-05-08 14:51:25', NULL, 'INCORRECT', NULL, '0be2a02d-4e02-42c0-bce8-01b4ffa16425', 3);
INSERT INTO `choice` (`id`,`created_date`,`updated_date`,`description`,`type`,`ivr_name`,`question_id`,`choice_id`) VALUES ('29b75c47-f772-4a52-9096-cf883322bf50', NULL, '2018-05-08 14:51:25', NULL, 'INCORRECT', NULL, '8c6d2ac3-ee90-48fd-a798-1f787b0ec77c', 1);
INSERT INTO `choice` (`id`,`created_date`,`updated_date`,`description`,`type`,`ivr_name`,`question_id`,`choice_id`) VALUES ('ab65cab0-6c69-4779-909a-00bed4d3c6e8', NULL, '2018-05-08 14:51:25', NULL, 'CORRECT', NULL, '8c6d2ac3-ee90-48fd-a798-1f787b0ec77c', 2);
INSERT INTO `choice` (`id`,`created_date`,`updated_date`,`description`,`type`,`ivr_name`,`question_id`,`choice_id`) VALUES ('d51e2784-a4aa-4e45-8302-edcd0fd6c588', NULL, '2018-05-08 14:51:25', NULL, 'INCORRECT', NULL, 'e2b1fc16-c4e0-4ce6-ac56-2301c510e788', 1);
INSERT INTO `choice` (`id`,`created_date`,`updated_date`,`description`,`type`,`ivr_name`,`question_id`,`choice_id`) VALUES ('646ede9b-ff03-4b38-ac75-30b2bf38494c', NULL, '2018-05-08 14:51:25', NULL, 'INCORRECT', NULL, 'e2b1fc16-c4e0-4ce6-ac56-2301c510e788', 2);
INSERT INTO `choice` (`id`,`created_date`,`updated_date`,`description`,`type`,`ivr_name`,`question_id`,`choice_id`) VALUES ('aebb6f92-b42e-4c89-9e63-51c609099fd4', NULL, '2018-05-08 14:51:25', NULL, 'CORRECT', NULL, 'e2b1fc16-c4e0-4ce6-ac56-2301c510e788', 3);
INSERT INTO `choice` (`id`,`created_date`,`updated_date`,`description`,`type`,`ivr_name`,`question_id`,`choice_id`) VALUES ('708a49ed-bd77-4860-b9b7-3fcb8d99f133', NULL, '2018-05-08 14:51:25', NULL, 'INCORRECT', NULL, 'eab56da3-c02f-4ae7-bafd-9474e070ec98', 1);
INSERT INTO `choice` (`id`,`created_date`,`updated_date`,`description`,`type`,`ivr_name`,`question_id`,`choice_id`) VALUES ('0cd97bcc-1e1c-4e2e-95c2-e54446a757da', NULL, '2018-05-08 14:51:25', NULL, 'INCORRECT', NULL, 'eab56da3-c02f-4ae7-bafd-9474e070ec98', 2);
INSERT INTO `choice` (`id`,`created_date`,`updated_date`,`description`,`type`,`ivr_name`,`question_id`,`choice_id`) VALUES ('3685d85b-c5ec-4bb1-8648-16302a94da4c', NULL, '2018-05-08 14:51:25', NULL, 'CORRECT', NULL, 'eab56da3-c02f-4ae7-bafd-9474e070ec98', 3);
INSERT INTO `choice` (`id`,`created_date`,`updated_date`,`description`,`type`,`ivr_name`,`question_id`,`choice_id`) VALUES ('a3a74570-ff2a-46d4-a000-36e4fac22812', NULL, '2018-05-08 14:51:25', NULL, 'INCORRECT', NULL, 'ebba3a85-54dc-4138-aa22-fb2569ef24ca', 1);
INSERT INTO `choice` (`id`,`created_date`,`updated_date`,`description`,`type`,`ivr_name`,`question_id`,`choice_id`) VALUES ('64888da4-1e84-4719-9e38-d7e4e810a10f', NULL, '2018-05-08 14:51:25', NULL, 'CORRECT', NULL, 'ebba3a85-54dc-4138-aa22-fb2569ef24ca', 2);
INSERT INTO `choice` (`id`,`created_date`,`updated_date`,`description`,`type`,`ivr_name`,`question_id`,`choice_id`) VALUES ('4c53d784-4af9-484b-b5e5-5020c394369a', NULL, '2018-05-08 14:51:25', NULL, 'CORRECT', NULL, 'df0db90f-ecf9-4514-ba42-d28be050abb1', 1);
INSERT INTO `choice` (`id`,`created_date`,`updated_date`,`description`,`type`,`ivr_name`,`question_id`,`choice_id`) VALUES ('8b12f8e8-c8e7-4057-89a1-01714f72472a', NULL, '2018-05-08 14:51:25', NULL, 'INCORRECT', NULL, 'df0db90f-ecf9-4514-ba42-d28be050abb1', 2);
INSERT INTO `choice` (`id`,`created_date`,`updated_date`,`description`,`type`,`ivr_name`,`question_id`,`choice_id`) VALUES ('f85730a7-9dd2-4319-a76b-e23655451f83', NULL, '2018-05-08 14:51:25', NULL, 'INCORRECT', NULL, 'b16e347a-1511-44d1-b0da-ae8e94a6faf6', 1);
INSERT INTO `choice` (`id`,`created_date`,`updated_date`,`description`,`type`,`ivr_name`,`question_id`,`choice_id`) VALUES ('3a562023-2927-40a2-abe7-14fb4454ae35', NULL, '2018-05-08 14:51:25', NULL, 'INCORRECT', NULL, 'b16e347a-1511-44d1-b0da-ae8e94a6faf6', 2);
INSERT INTO `choice` (`id`,`created_date`,`updated_date`,`description`,`type`,`ivr_name`,`question_id`,`choice_id`) VALUES ('e749205d-ed9f-46b1-a57b-dc5f6a2f9f5d', NULL, '2018-05-08 14:51:25', NULL, 'CORRECT', NULL, 'b16e347a-1511-44d1-b0da-ae8e94a6faf6', 3);
INSERT INTO `choice` (`id`,`created_date`,`updated_date`,`description`,`type`,`ivr_name`,`question_id`,`choice_id`) VALUES ('00c4aebe-a888-47bc-b9f5-48d8bd5ed6c2', NULL, '2018-05-08 14:51:25', NULL, 'INCORRECT', NULL, '55e23a11-00d5-44d1-bf1a-f4948485bcde', 1);
INSERT INTO `choice` (`id`,`created_date`,`updated_date`,`description`,`type`,`ivr_name`,`question_id`,`choice_id`) VALUES ('1508e7db-751c-41ad-a2c1-ceb0f6257c87', NULL, '2018-05-08 14:51:25', NULL, 'INCORRECT', NULL, '55e23a11-00d5-44d1-bf1a-f4948485bcde', 2);
INSERT INTO `choice` (`id`,`created_date`,`updated_date`,`description`,`type`,`ivr_name`,`question_id`,`choice_id`) VALUES ('ed0c6bc2-b0c4-46af-bc20-70b945010624', NULL, '2018-05-08 14:51:25', NULL, 'CORRECT', NULL, '55e23a11-00d5-44d1-bf1a-f4948485bcde', 3);
INSERT INTO `choice` (`id`,`created_date`,`updated_date`,`description`,`type`,`ivr_name`,`question_id`,`choice_id`) VALUES ('2fd54410-e519-409a-867e-55009b43a11f', NULL, '2018-05-08 14:51:25', NULL, 'INCORRECT', NULL, '55e23a11-00d5-44d1-bf1a-f4948485bcde', 4);
INSERT INTO `choice` (`id`,`created_date`,`updated_date`,`description`,`type`,`ivr_name`,`question_id`,`choice_id`) VALUES ('2c13676c-03d0-4b2b-bdf2-973cbe368c39', NULL, '2018-05-08 14:51:25', NULL, 'INCORRECT', NULL, 'e59d70e3-01bf-48be-84d0-9dafa98c1629', 1);
INSERT INTO `choice` (`id`,`created_date`,`updated_date`,`description`,`type`,`ivr_name`,`question_id`,`choice_id`) VALUES ('8ccdc23a-4955-43c4-b937-3ed7516d2552', NULL, '2018-05-08 14:51:25', NULL, 'INCORRECT', NULL, 'e59d70e3-01bf-48be-84d0-9dafa98c1629', 2);
INSERT INTO `choice` (`id`,`created_date`,`updated_date`,`description`,`type`,`ivr_name`,`question_id`,`choice_id`) VALUES ('64e546bd-8a39-42fc-a2c6-d1dc771f778a', NULL, '2018-05-08 14:51:25', NULL, 'INCORRECT', NULL, 'e59d70e3-01bf-48be-84d0-9dafa98c1629', 3);
INSERT INTO `choice` (`id`,`created_date`,`updated_date`,`description`,`type`,`ivr_name`,`question_id`,`choice_id`) VALUES ('758632ee-d4e3-4702-81a2-52dd35f3b993', NULL, '2018-05-08 14:51:25', NULL, 'CORRECT', NULL, 'e59d70e3-01bf-48be-84d0-9dafa98c1629', 4);
INSERT INTO `choice` (`id`,`created_date`,`updated_date`,`description`,`type`,`ivr_name`,`question_id`,`choice_id`) VALUES ('9f692e73-cb35-4b2a-9877-1c5c310b8e26', NULL, '2018-05-08 14:51:25', NULL, 'INCORRECT', NULL, 'f45cb160-6c9c-46f4-bb38-17d90f784498', 1);
INSERT INTO `choice` (`id`,`created_date`,`updated_date`,`description`,`type`,`ivr_name`,`question_id`,`choice_id`) VALUES ('07e97354-68a3-4e0e-b029-d783c3edc0c7', NULL, '2018-05-08 14:51:25', NULL, 'CORRECT', NULL, 'f45cb160-6c9c-46f4-bb38-17d90f784498', 2);
INSERT INTO `choice` (`id`,`created_date`,`updated_date`,`description`,`type`,`ivr_name`,`question_id`,`choice_id`) VALUES ('ab52d893-10b5-4bfd-95e3-94932761c9b9', NULL, '2018-05-08 14:51:25', NULL, 'CORRECT', NULL, '655d9123-121d-4549-b215-aa12ed3d7e00', 1);
INSERT INTO `choice` (`id`,`created_date`,`updated_date`,`description`,`type`,`ivr_name`,`question_id`,`choice_id`) VALUES ('8548e0df-7009-4208-a801-2da3c5d1af9c', NULL, '2018-05-08 14:51:25', NULL, 'INCORRECT', NULL, '655d9123-121d-4549-b215-aa12ed3d7e00', 2);
INSERT INTO `choice` (`id`,`created_date`,`updated_date`,`description`,`type`,`ivr_name`,`question_id`,`choice_id`) VALUES ('6ba9eeb5-5a3e-433f-a3e4-939aa840d4fe', NULL, '2018-05-08 14:51:25', NULL, 'INCORRECT', NULL, 'a8543d48-a62c-455a-b6d4-820bc5fbdd9c', 1);
INSERT INTO `choice` (`id`,`created_date`,`updated_date`,`description`,`type`,`ivr_name`,`question_id`,`choice_id`) VALUES ('344b24a4-4a2c-47f2-9274-d23654decfaa', NULL, '2018-05-08 14:51:25', NULL, 'CORRECT', NULL, 'a8543d48-a62c-455a-b6d4-820bc5fbdd9c', 2);
INSERT INTO `choice` (`id`,`created_date`,`updated_date`,`description`,`type`,`ivr_name`,`question_id`,`choice_id`) VALUES ('74d1e1e1-78b6-4fc0-a0a0-de5dcb5411b4', NULL, '2018-05-08 14:51:25', NULL, 'INCORRECT', NULL, '436dfdbb-d60c-417b-97ca-c9437013f45e', 1);
INSERT INTO `choice` (`id`,`created_date`,`updated_date`,`description`,`type`,`ivr_name`,`question_id`,`choice_id`) VALUES ('bce73f8c-1371-4247-91ab-de5b37d859b4', NULL, '2018-05-08 14:51:25', NULL, 'CORRECT', NULL, '436dfdbb-d60c-417b-97ca-c9437013f45e', 2);
INSERT INTO `choice` (`id`,`created_date`,`updated_date`,`description`,`type`,`ivr_name`,`question_id`,`choice_id`) VALUES ('9e3ef2db-2726-429f-a24e-26551d087b60', NULL, '2018-05-08 14:51:25', NULL, 'INCORRECT', NULL, '436dfdbb-d60c-417b-97ca-c9437013f45e', 3);
INSERT INTO `choice` (`id`,`created_date`,`updated_date`,`description`,`type`,`ivr_name`,`question_id`,`choice_id`) VALUES ('227b0458-0630-47c9-882d-91d715f77887', NULL, '2018-05-08 14:51:25', NULL, 'INCORRECT', NULL, '210f64ef-95a6-4a42-b291-6ce8d44dd7fe', 1);
INSERT INTO `choice` (`id`,`created_date`,`updated_date`,`description`,`type`,`ivr_name`,`question_id`,`choice_id`) VALUES ('0611c5a5-b75a-43b0-90c9-f1c8826b7fcd', NULL, '2018-05-08 14:51:25', NULL, 'INCORRECT', NULL, '210f64ef-95a6-4a42-b291-6ce8d44dd7fe', 2);
INSERT INTO `choice` (`id`,`created_date`,`updated_date`,`description`,`type`,`ivr_name`,`question_id`,`choice_id`) VALUES ('d331da18-ac85-4a0d-a039-08b1ebb29bef', NULL, '2018-05-08 14:51:25', NULL, 'CORRECT', NULL, '210f64ef-95a6-4a42-b291-6ce8d44dd7fe', 3);
INSERT INTO `choice` (`id`,`created_date`,`updated_date`,`description`,`type`,`ivr_name`,`question_id`,`choice_id`) VALUES ('f5df3472-31a1-43bb-b806-c2932d7a9376', NULL, '2018-05-08 14:51:25', NULL, 'CORRECT', NULL, '355c6874-30e9-4dc9-b597-ad25ab571255', 1);
INSERT INTO `choice` (`id`,`created_date`,`updated_date`,`description`,`type`,`ivr_name`,`question_id`,`choice_id`) VALUES ('af8e3782-9875-47af-8a6a-0eda64b90b9f', NULL, '2018-05-08 14:51:25', NULL, 'INCORRECT', NULL, '355c6874-30e9-4dc9-b597-ad25ab571255', 2);
INSERT INTO `choice` (`id`,`created_date`,`updated_date`,`description`,`type`,`ivr_name`,`question_id`,`choice_id`) VALUES ('59d2e507-1103-46aa-8bad-9085f522bc2a', NULL, '2018-05-08 14:51:25', NULL, 'INCORRECT', NULL, '355c6874-30e9-4dc9-b597-ad25ab571255', 3);
INSERT INTO `choice` (`id`,`created_date`,`updated_date`,`description`,`type`,`ivr_name`,`question_id`,`choice_id`) VALUES ('f08b0235-32ac-463a-a11d-4fb3e0dba61a', NULL, '2018-05-08 14:51:25', NULL, 'INCORRECT', NULL, '1551ec9e-0e9c-4b01-ab07-b9a54c420c19', 1);
INSERT INTO `choice` (`id`,`created_date`,`updated_date`,`description`,`type`,`ivr_name`,`question_id`,`choice_id`) VALUES ('ecc6046c-4de6-4f7a-8848-c15232324981', NULL, '2018-05-08 14:51:25', NULL, 'CORRECT', NULL, '1551ec9e-0e9c-4b01-ab07-b9a54c420c19', 2);
INSERT INTO `choice` (`id`,`created_date`,`updated_date`,`description`,`type`,`ivr_name`,`question_id`,`choice_id`) VALUES ('9cb8d828-de3a-4355-aa82-4721faf2d05c', NULL, '2018-05-08 14:51:25', NULL, 'INCORRECT', NULL, '1551ec9e-0e9c-4b01-ab07-b9a54c420c19', 3);
INSERT INTO `choice` (`id`,`created_date`,`updated_date`,`description`,`type`,`ivr_name`,`question_id`,`choice_id`) VALUES ('c4cbe771-2879-4a3d-9f3c-0107dc575eb6', NULL, '2018-05-08 14:51:25', NULL, 'INCORRECT', NULL, '77c3dcaf-f9ef-408e-a876-e8e91d2a4db4', 1);
INSERT INTO `choice` (`id`,`created_date`,`updated_date`,`description`,`type`,`ivr_name`,`question_id`,`choice_id`) VALUES ('59849619-b3a4-4566-92dc-c9e814cc195d', NULL, '2018-05-08 14:51:25', NULL, 'INCORRECT', NULL, '77c3dcaf-f9ef-408e-a876-e8e91d2a4db4', 2);
INSERT INTO `choice` (`id`,`created_date`,`updated_date`,`description`,`type`,`ivr_name`,`question_id`,`choice_id`) VALUES ('4cc76e49-d86c-4962-9c8b-20155eab211e', NULL, '2018-05-08 14:51:25', NULL, 'CORRECT', NULL, '77c3dcaf-f9ef-408e-a876-e8e91d2a4db4', 3);
INSERT INTO `choice` (`id`,`created_date`,`updated_date`,`description`,`type`,`ivr_name`,`question_id`,`choice_id`) VALUES ('3e0e2913-318f-4d7d-9fef-addba67a11a4', NULL, '2018-05-08 14:51:25', NULL, 'INCORRECT', NULL, '880a1e03-f062-4191-bcf4-d97cd2a2d906', 1);
INSERT INTO `choice` (`id`,`created_date`,`updated_date`,`description`,`type`,`ivr_name`,`question_id`,`choice_id`) VALUES ('238044e4-744e-4b4f-ac14-bb40bf9f301d', NULL, '2018-05-08 14:51:25', NULL, 'CORRECT', NULL, '880a1e03-f062-4191-bcf4-d97cd2a2d906', 2);
INSERT INTO `choice` (`id`,`created_date`,`updated_date`,`description`,`type`,`ivr_name`,`question_id`,`choice_id`) VALUES ('bddac4ad-b574-46e9-aa5d-998ecd9c35a5', NULL, '2018-05-08 14:51:25', NULL, 'INCORRECT', NULL, 'f566fc3c-b137-413a-b88a-d3bd3ac3db8e', 1);
INSERT INTO `choice` (`id`,`created_date`,`updated_date`,`description`,`type`,`ivr_name`,`question_id`,`choice_id`) VALUES ('f5649bb8-22d4-4a3c-94bd-a058405e7647', NULL, '2018-05-08 14:51:25', NULL, 'INCORRECT', NULL, 'f566fc3c-b137-413a-b88a-d3bd3ac3db8e', 2);
INSERT INTO `choice` (`id`,`created_date`,`updated_date`,`description`,`type`,`ivr_name`,`question_id`,`choice_id`) VALUES ('18630f91-0a7c-4cba-9a3f-c47e31359800', NULL, '2018-05-08 14:51:25', NULL, 'INCORRECT', NULL, 'f566fc3c-b137-413a-b88a-d3bd3ac3db8e', 3);
INSERT INTO `choice` (`id`,`created_date`,`updated_date`,`description`,`type`,`ivr_name`,`question_id`,`choice_id`) VALUES ('2a65bc3f-a43c-4614-95ea-f73876c5ac30', NULL, '2018-05-08 14:51:25', NULL, 'CORRECT', NULL, 'f566fc3c-b137-413a-b88a-d3bd3ac3db8e', 4);
INSERT INTO `choice` (`id`,`created_date`,`updated_date`,`description`,`type`,`ivr_name`,`question_id`,`choice_id`) VALUES ('658215f7-0691-4ff4-bf01-a91f90728173', NULL, '2018-05-08 14:51:25', NULL, 'INCORRECT', NULL, '538e179b-6bf8-4e99-8dae-0a46a75631e8', 1);
INSERT INTO `choice` (`id`,`created_date`,`updated_date`,`description`,`type`,`ivr_name`,`question_id`,`choice_id`) VALUES ('af1753ba-5d41-4ebb-8bf0-5ce2e92f1be0', NULL, '2018-05-08 14:51:25', NULL, 'CORRECT', NULL, '538e179b-6bf8-4e99-8dae-0a46a75631e8', 2);
INSERT INTO `choice` (`id`,`created_date`,`updated_date`,`description`,`type`,`ivr_name`,`question_id`,`choice_id`) VALUES ('f97214af-c012-4c7e-8ea8-6689339d56ae', NULL, '2018-05-08 14:51:25', NULL, 'INCORRECT', NULL, '23bb106b-ca78-4f16-bacd-6854a100446a', 1);
INSERT INTO `choice` (`id`,`created_date`,`updated_date`,`description`,`type`,`ivr_name`,`question_id`,`choice_id`) VALUES ('be0a9d0c-a631-496c-98ee-cb86e73a99f5', NULL, '2018-05-08 14:51:25', NULL, 'CORRECT', NULL, '23bb106b-ca78-4f16-bacd-6854a100446a', 2);
INSERT INTO `choice` (`id`,`created_date`,`updated_date`,`description`,`type`,`ivr_name`,`question_id`,`choice_id`) VALUES ('ef242a54-a56b-4f67-a18d-095aec00b640', NULL, '2018-05-08 14:51:25', NULL, 'INCORRECT', NULL, '23bb106b-ca78-4f16-bacd-6854a100446a', 3);
INSERT INTO `choice` (`id`,`created_date`,`updated_date`,`description`,`type`,`ivr_name`,`question_id`,`choice_id`) VALUES ('d8c9d024-cbb7-4429-ab51-7f215b136903', NULL, '2018-05-08 14:51:25', NULL, 'INCORRECT', NULL, '3f5ea313-79cf-4bbd-abf4-1c1151ddc9d1', 1);
INSERT INTO `choice` (`id`,`created_date`,`updated_date`,`description`,`type`,`ivr_name`,`question_id`,`choice_id`) VALUES ('cc72cf88-f4ac-4ffc-a302-9d0a47831ec0', NULL, '2018-05-08 14:51:25', NULL, 'CORRECT', NULL, '3f5ea313-79cf-4bbd-abf4-1c1151ddc9d1', 2);
INSERT INTO `choice` (`id`,`created_date`,`updated_date`,`description`,`type`,`ivr_name`,`question_id`,`choice_id`) VALUES ('1e1fff8d-b979-469a-b1c1-3308240e650d', NULL, '2018-05-08 14:51:25', NULL, 'INCORRECT', NULL, 'a1c5cf4f-3917-4a62-ac26-397e68a4f10b', 1);
INSERT INTO `choice` (`id`,`created_date`,`updated_date`,`description`,`type`,`ivr_name`,`question_id`,`choice_id`) VALUES ('d388b34a-e108-49c7-b7b0-dc293b30bed7', NULL, '2018-05-08 14:51:25', NULL, 'INCORRECT', NULL, 'a1c5cf4f-3917-4a62-ac26-397e68a4f10b', 2);
INSERT INTO `choice` (`id`,`created_date`,`updated_date`,`description`,`type`,`ivr_name`,`question_id`,`choice_id`) VALUES ('f3ddcf43-e2ed-4eea-a5cd-e006850b6968', NULL, '2018-05-08 14:51:25', NULL, 'CORRECT', NULL, 'a1c5cf4f-3917-4a62-ac26-397e68a4f10b', 3);
INSERT INTO `choice` (`id`,`created_date`,`updated_date`,`description`,`type`,`ivr_name`,`question_id`,`choice_id`) VALUES ('97f505a9-5bb9-4d34-8f52-60d1a2764668', NULL, '2018-05-08 14:51:25', NULL, 'INCORRECT', NULL, 'b5e0cf92-612f-405b-9e0d-3a9a6dea02e3', 1);
INSERT INTO `choice` (`id`,`created_date`,`updated_date`,`description`,`type`,`ivr_name`,`question_id`,`choice_id`) VALUES ('fe875d50-a8c6-4432-b7a7-198372b5dfd8', NULL, '2018-05-08 14:51:25', NULL, 'INCORRECT', NULL, 'b5e0cf92-612f-405b-9e0d-3a9a6dea02e3', 2);
INSERT INTO `choice` (`id`,`created_date`,`updated_date`,`description`,`type`,`ivr_name`,`question_id`,`choice_id`) VALUES ('cd86cca9-8a49-4c62-9754-ee8dca9dec65', NULL, '2018-05-08 14:51:25', NULL, 'CORRECT', NULL, 'b5e0cf92-612f-405b-9e0d-3a9a6dea02e3', 3);
INSERT INTO `choice` (`id`,`created_date`,`updated_date`,`description`,`type`,`ivr_name`,`question_id`,`choice_id`) VALUES ('91223ac5-1ccb-43e3-9533-8aa61023dc02', NULL, '2018-05-08 14:51:25', NULL, 'INCORRECT', NULL, '1e9c8f76-0145-4136-86df-8556bb3e27d3', 1);
INSERT INTO `choice` (`id`,`created_date`,`updated_date`,`description`,`type`,`ivr_name`,`question_id`,`choice_id`) VALUES ('9ae66a90-a141-49b9-bad6-eb8ca5a6a819', NULL, '2018-05-08 14:51:25', NULL, 'CORRECT', NULL, '1e9c8f76-0145-4136-86df-8556bb3e27d3', 2);
INSERT INTO `choice` (`id`,`created_date`,`updated_date`,`description`,`type`,`ivr_name`,`question_id`,`choice_id`) VALUES ('0ab22997-181b-4a35-95a6-10a552a16bf5', NULL, '2018-05-08 14:51:25', NULL, 'CORRECT', NULL, 'b79ac377-96dc-4150-b8d9-2ab160423696', 1);
INSERT INTO `choice` (`id`,`created_date`,`updated_date`,`description`,`type`,`ivr_name`,`question_id`,`choice_id`) VALUES ('ef946af0-3113-4b82-8720-b31ffb269499', NULL, '2018-05-08 14:51:25', NULL, 'INCORRECT', NULL, 'b79ac377-96dc-4150-b8d9-2ab160423696', 2);
INSERT INTO `choice` (`id`,`created_date`,`updated_date`,`description`,`type`,`ivr_name`,`question_id`,`choice_id`) VALUES ('d6943daf-a1e1-40b2-a71b-b875cd77917a', NULL, '2018-05-08 14:51:25', NULL, 'INCORRECT', NULL, 'ada84449-4c16-4742-ab57-590b1b352dfb', 1);
INSERT INTO `choice` (`id`,`created_date`,`updated_date`,`description`,`type`,`ivr_name`,`question_id`,`choice_id`) VALUES ('c98856e8-c2d3-423f-93ef-dd7ad20af51b', NULL, '2018-05-08 14:51:25', NULL, 'INCORRECT', NULL, 'ada84449-4c16-4742-ab57-590b1b352dfb', 2);
INSERT INTO `choice` (`id`,`created_date`,`updated_date`,`description`,`type`,`ivr_name`,`question_id`,`choice_id`) VALUES ('771a6743-7e9e-43f7-b8f5-4c169a2ce128', NULL, '2018-05-08 14:51:25', NULL, 'CORRECT', NULL, 'ada84449-4c16-4742-ab57-590b1b352dfb', 3);

