INSERT INTO `course` (`id`, `name`, `status`, `version`,`ivr_id`) VALUES('d5c4a806-f817-47e3-b73d-8803a7e76ddd', 'course 1', 'RELEASED', 0, '22047');

INSERT INTO `module` (`id`,`created_date`,`updated_date`,`description`,`name`,`status`,`version`,`previous_version_id`,`start_module_question_id`,`name_code`,`ivr_group`) VALUES ('2dcaa2da-edc4-42b0-a505-167d327aaf06','2017-11-14 16:07:22.745000','2017-11-14 16:07:22.745000',NULL,'Module 1','RELEASED',1,NULL,NULL,'module-1_v1','298829');
INSERT INTO `module` (`id`,`created_date`,`updated_date`,`description`,`name`,`status`,`version`,`previous_version_id`,`start_module_question_id`,`name_code`,`ivr_group`) VALUES ('3ccbb0b8-0e5a-4e97-9bb2-8b934e12777d','2017-11-14 16:07:22.770000','2017-11-14 16:07:22.770000',NULL,'Module 2','RELEASED',1,NULL,NULL,'module-2_v1','298830');

INSERT INTO `mots`.`course_module` (`id`, `list_order`, `course_id`, `module_id`,`ivr_id`,`ivr_name`) VALUES ('19ff022e-c905-4d40-b692-214a981fe784', '0', 'd5c4a806-f817-47e3-b73d-8803a7e76ddd', '2dcaa2da-edc4-42b0-a505-167d327aaf06','9431934','module1');
INSERT INTO `mots`.`course_module` (`id`, `list_order`, `course_id`, `module_id`,`ivr_id`,`ivr_name`) VALUES ('3c20e44e-1e83-4bad-ab16-6b2427127338', '1', 'd5c4a806-f817-47e3-b73d-8803a7e76ddd', '3ccbb0b8-0e5a-4e97-9bb2-8b934e12777d','9431935','module2');

INSERT INTO `unit` (`id`,`created_date`,`updated_date`,`ivr_id`,`ivr_name`,`allow_replay`,`description`,`list_order`,`name`,`continuation_question_id`,`module_id`) VALUES ('f920b85f-992d-43a8-92c8-c935444ec472','2018-02-23 10:48:50','2018-02-23 11:17:06','10160857',NULL,0,NULL,0,'unit 1',NULL,'2dcaa2da-edc4-42b0-a505-167d327aaf06');
INSERT INTO `unit` (`id`,`created_date`,`updated_date`,`ivr_id`,`ivr_name`,`allow_replay`,`description`,`list_order`,`name`,`continuation_question_id`,`module_id`) VALUES ('eb154a75-ec2c-47dd-ad0f-d24d78ec9e4c','2018-02-23 10:48:50','2018-02-23 11:17:06','10160855',NULL,1,NULL,1,'unit 2',NULL,'2dcaa2da-edc4-42b0-a505-167d327aaf06');
INSERT INTO `unit` (`id`,`created_date`,`updated_date`,`ivr_id`,`ivr_name`,`allow_replay`,`description`,`list_order`,`name`,`continuation_question_id`,`module_id`) VALUES ('5e168c38-a75f-47f3-8e99-8eeab8e9a8e4','2018-02-23 10:48:50','2018-02-23 11:17:06','10160862',NULL,1,NULL,2,'unit 3',NULL,'2dcaa2da-edc4-42b0-a505-167d327aaf06');
INSERT INTO `unit` (`id`,`created_date`,`updated_date`,`ivr_id`,`ivr_name`,`allow_replay`,`description`,`list_order`,`name`,`continuation_question_id`,`module_id`) VALUES ('23f513de-f287-4ae2-9a0a-f287801aabdf','2018-02-23 10:56:50','2018-02-24 13:37:41','10160866',NULL,1,NULL,3,'unit 4',NULL,'2dcaa2da-edc4-42b0-a505-167d327aaf06');
INSERT INTO `unit` (`id`,`created_date`,`updated_date`,`ivr_id`,`ivr_name`,`allow_replay`,`description`,`list_order`,`name`,`continuation_question_id`,`module_id`) VALUES ('dbd73e0c-65ed-44d7-9f15-b30fd7ce0826','2018-02-23 10:56:50','2018-02-24 13:56:23','10160867',NULL,1,NULL,4,'unit 5',NULL,'2dcaa2da-edc4-42b0-a505-167d327aaf06');
INSERT INTO `unit` (`id`,`created_date`,`updated_date`,`ivr_id`,`ivr_name`,`allow_replay`,`description`,`list_order`,`name`,`continuation_question_id`,`module_id`) VALUES ('ebbd65b8-5e82-4abf-bdad-630482b16b6d','2018-02-23 10:56:50','2018-02-24 14:00:19','10160868',NULL,1,NULL,5,'unit 6',NULL,'2dcaa2da-edc4-42b0-a505-167d327aaf06');

INSERT INTO `unit` (`id`,`created_date`,`updated_date`,`ivr_id`,`ivr_name`,`allow_replay`,`description`,`list_order`,`name`,`continuation_question_id`,`module_id`) VALUES ('37c54756-7669-4476-8ff8-25a8714df614','2018-02-23 10:56:52','2018-02-24 13:36:23','8459673',NULL,0,NULL,0,'unit 1',NULL,'3ccbb0b8-0e5a-4e97-9bb2-8b934e12777d');
INSERT INTO `unit` (`id`,`created_date`,`updated_date`,`ivr_id`,`ivr_name`,`allow_replay`,`description`,`list_order`,`name`,`continuation_question_id`,`module_id`) VALUES ('86685011-d6a8-450f-b587-d75a07cd21c1','2018-02-23 10:56:52','2018-02-24 13:48:38','8459671',NULL,1,NULL,1,'unit 2',NULL,'3ccbb0b8-0e5a-4e97-9bb2-8b934e12777d');
INSERT INTO `unit` (`id`,`created_date`,`updated_date`,`ivr_id`,`ivr_name`,`allow_replay`,`description`,`list_order`,`name`,`continuation_question_id`,`module_id`) VALUES ('9b5d0d3a-689e-4ee9-a091-05cd02841d67','2018-02-23 10:56:52','2018-02-24 13:48:38','8459668',NULL,1,NULL,2,'unit 3',NULL,'3ccbb0b8-0e5a-4e97-9bb2-8b934e12777d');


INSERT INTO `call_flow_element` (`id`,`created_date`,`updated_date`,`ivr_id`,`ivr_name` ,`content`,`list_order`,`name`,`type`,`unit_id`) VALUES ('9f4febb0-7376-4e38-bc42-32511c4fb1e9','2018-02-23 10:48:50','2018-02-23 11:21:47','10149852',NULL,NULL,0,'intro','MESSAGE','f920b85f-992d-43a8-92c8-c935444ec472');
INSERT INTO `call_flow_element` (`id`,`created_date`,`updated_date`,`ivr_id`,`ivr_name` ,`content`,`list_order`,`name`,`type`,`unit_id`) VALUES ('02ae38da-2633-4ab2-b0e5-e9d911680130','2018-02-23 10:48:50','2018-02-23 11:21:47','10149853',NULL,NULL,1,'q1','QUESTION','f920b85f-992d-43a8-92c8-c935444ec472');
INSERT INTO `call_flow_element` (`id`,`created_date`,`updated_date`,`ivr_id`,`ivr_name` ,`content`,`list_order`,`name`,`type`,`unit_id`) VALUES ('6f187818-428f-47e6-b661-cf94a463d732','2018-02-23 10:48:50','2018-02-23 11:21:47','10149854',NULL,NULL,2,'q2','QUESTION','f920b85f-992d-43a8-92c8-c935444ec472');
INSERT INTO `call_flow_element` (`id`,`created_date`,`updated_date`,`ivr_id`,`ivr_name` ,`content`,`list_order`,`name`,`type`,`unit_id`) VALUES ('dd5ae3c6-e987-4997-a62b-a56e3c8d574e','2018-02-23 10:48:50','2018-02-23 11:21:47','10149855',NULL,NULL,3,'q3','QUESTION','f920b85f-992d-43a8-92c8-c935444ec472');
INSERT INTO `call_flow_element` (`id`,`created_date`,`updated_date`,`ivr_id`,`ivr_name` ,`content`,`list_order`,`name`,`type`,`unit_id`) VALUES ('e587920d-13b1-45fb-8ce1-4d6d872fc211','2018-02-24 13:41:33','2018-02-24 13:41:33','10149859',NULL,NULL,4,'q4','QUESTION','f920b85f-992d-43a8-92c8-c935444ec472');
INSERT INTO `call_flow_element` (`id`,`created_date`,`updated_date`,`ivr_id`,`ivr_name` ,`content`,`list_order`,`name`,`type`,`unit_id`) VALUES ('a1c18a46-2589-41f4-99a3-e886e65bd6f6','2018-02-24 13:41:33','2018-02-24 13:41:33','10149860',NULL,NULL,5,'q5','QUESTION','f920b85f-992d-43a8-92c8-c935444ec472');
INSERT INTO `call_flow_element` (`id`,`created_date`,`updated_date`,`ivr_id`,`ivr_name` ,`content`,`list_order`,`name`,`type`,`unit_id`) VALUES ('01c6b4bd-1838-4b0c-ab70-bb7606837286','2018-02-24 13:41:33','2018-02-24 13:41:33','10149861',NULL,NULL,6,'q6','QUESTION','f920b85f-992d-43a8-92c8-c935444ec472');
INSERT INTO `call_flow_element` (`id`,`created_date`,`updated_date`,`ivr_id`,`ivr_name` ,`content`,`list_order`,`name`,`type`,`unit_id`) VALUES ('fd4e1a19-1997-4a0e-81ec-921feb5c4145','2018-02-24 13:41:33','2018-02-24 13:41:33','10149862',NULL,NULL,7,'q7','QUESTION','f920b85f-992d-43a8-92c8-c935444ec472');
INSERT INTO `call_flow_element` (`id`,`created_date`,`updated_date`,`ivr_id`,`ivr_name` ,`content`,`list_order`,`name`,`type`,`unit_id`) VALUES ('0481eb61-cde5-42ba-8ea6-629d70bfb3da','2018-02-24 13:41:33','2018-02-24 13:41:33','10149863',NULL,NULL,8,'q8','QUESTION','f920b85f-992d-43a8-92c8-c935444ec472');
INSERT INTO `call_flow_element` (`id`,`created_date`,`updated_date`,`ivr_id`,`ivr_name` ,`content`,`list_order`,`name`,`type`,`unit_id`) VALUES ('0d130fcb-7f60-452c-8c24-3121d5b54335','2018-02-24 13:41:33','2018-02-24 13:41:33','10149864',NULL,NULL,9,'q9','QUESTION','f920b85f-992d-43a8-92c8-c935444ec472');
INSERT INTO `call_flow_element` (`id`,`created_date`,`updated_date`,`ivr_id`,`ivr_name` ,`content`,`list_order`,`name`,`type`,`unit_id`) VALUES ('1732887a-352b-479e-8fba-81dfaf2b2b82','2018-02-24 13:41:33','2018-02-24 13:41:33','10149865',NULL,NULL,10,'q10','QUESTION','f920b85f-992d-43a8-92c8-c935444ec472');
INSERT INTO `call_flow_element` (`id`,`created_date`,`updated_date`,`ivr_id`,`ivr_name` ,`content`,`list_order`,`name`,`type`,`unit_id`) VALUES ('23d83b87-a0e9-4fad-b527-2b70c9158817','2018-02-24 13:41:33','2018-02-24 13:41:33','10149866',NULL,NULL,11,'q11','QUESTION','f920b85f-992d-43a8-92c8-c935444ec472');
INSERT INTO `call_flow_element` (`id`,`created_date`,`updated_date`,`ivr_id`,`ivr_name` ,`content`,`list_order`,`name`,`type`,`unit_id`) VALUES ('2c2fafa4-652e-4d78-a87f-9c53668afa34','2018-02-24 13:41:33','2018-02-24 13:41:33','10149867',NULL,NULL,12,'q12','QUESTION','f920b85f-992d-43a8-92c8-c935444ec472');
INSERT INTO `call_flow_element` (`id`,`created_date`,`updated_date`,`ivr_id`,`ivr_name` ,`content`,`list_order`,`name`,`type`,`unit_id`) VALUES ('2eea99f0-9899-492c-b64d-63c60bad792e','2018-02-24 13:41:33','2018-02-24 13:41:33','10149868',NULL,NULL,13,'q13','QUESTION','f920b85f-992d-43a8-92c8-c935444ec472');
INSERT INTO `call_flow_element` (`id`,`created_date`,`updated_date`,`ivr_id`,`ivr_name` ,`content`,`list_order`,`name`,`type`,`unit_id`) VALUES ('384c1e5c-9d38-441d-87ab-147e648d7217','2018-02-24 13:41:33','2018-02-24 13:41:33','10149869',NULL,NULL,14,'q14','QUESTION','f920b85f-992d-43a8-92c8-c935444ec472');
INSERT INTO `call_flow_element` (`id`,`created_date`,`updated_date`,`ivr_id`,`ivr_name` ,`content`,`list_order`,`name`,`type`,`unit_id`) VALUES ('3ce9b490-b2f8-4147-917f-b1e18fd339da','2018-02-24 13:41:33','2018-02-24 13:41:33','10149870',NULL,NULL,15,'q15','QUESTION','f920b85f-992d-43a8-92c8-c935444ec472');
INSERT INTO `call_flow_element` (`id`,`created_date`,`updated_date`,`ivr_id`,`ivr_name` ,`content`,`list_order`,`name`,`type`,`unit_id`) VALUES ('3e498211-7e3c-4d21-b66c-4d60b8777f69','2018-02-24 13:41:33','2018-02-24 13:41:33','10149871',NULL,NULL,16,'q17','QUESTION','f920b85f-992d-43a8-92c8-c935444ec472');
INSERT INTO `call_flow_element` (`id`,`created_date`,`updated_date`,`ivr_id`,`ivr_name` ,`content`,`list_order`,`name`,`type`,`unit_id`) VALUES ('3fb7e61e-1f6c-4a86-8ded-5ae540ad8904','2018-02-24 13:41:33','2018-02-24 13:41:33','10149872',NULL,NULL,17,'q17','QUESTION','f920b85f-992d-43a8-92c8-c935444ec472');
INSERT INTO `call_flow_element` (`id`,`created_date`,`updated_date`,`ivr_id`,`ivr_name` ,`content`,`list_order`,`name`,`type`,`unit_id`) VALUES ('4305ee0d-326a-410c-a84e-10ee7b84ae97','2018-02-24 13:41:33','2018-02-24 13:41:33','10149873',NULL,NULL,18,'q18','QUESTION','f920b85f-992d-43a8-92c8-c935444ec472');
INSERT INTO `call_flow_element` (`id`,`created_date`,`updated_date`,`ivr_id`,`ivr_name` ,`content`,`list_order`,`name`,`type`,`unit_id`) VALUES ('473beadf-52a1-446a-bd07-dafd038d06bb','2018-02-24 13:41:33','2018-02-24 13:41:33','10149874',NULL,NULL,19,'q19','QUESTION','f920b85f-992d-43a8-92c8-c935444ec472');
INSERT INTO `call_flow_element` (`id`,`created_date`,`updated_date`,`ivr_id`,`ivr_name` ,`content`,`list_order`,`name`,`type`,`unit_id`) VALUES ('4e748526-39de-4298-888d-1b6256d26711','2018-02-24 13:41:33','2018-02-24 13:41:33','10149875',NULL,NULL,20,'q20','QUESTION','f920b85f-992d-43a8-92c8-c935444ec472');

INSERT INTO `call_flow_element` (`id`,`created_date`,`updated_date`,`ivr_id`,`ivr_name` ,`content`,`list_order`,`name`,`type`,`unit_id`) VALUES ('8628cb45-5a03-47a5-a59a-4e4b8bb1e07f','2018-02-23 10:48:50','2018-02-23 11:21:47','10150859',NULL,NULL,0,'intro','MESSAGE','eb154a75-ec2c-47dd-ad0f-d24d78ec9e4c');
INSERT INTO `call_flow_element` (`id`,`created_date`,`updated_date`,`ivr_id`,`ivr_name` ,`content`,`list_order`,`name`,`type`,`unit_id`) VALUES ('fd8b0a9b-2ca5-4632-88be-880e3fade354','2018-02-23 10:48:50','2018-02-23 11:24:18','10150860',NULL,NULL,1,'m1','MESSAGE','eb154a75-ec2c-47dd-ad0f-d24d78ec9e4c');
INSERT INTO `call_flow_element` (`id`,`created_date`,`updated_date`,`ivr_id`,`ivr_name` ,`content`,`list_order`,`name`,`type`,`unit_id`) VALUES ('d44428b9-9cb6-4411-bb8f-26355c402c5c','2018-02-23 10:48:50','2018-02-23 11:24:18','10150861',NULL,NULL,2,'m2','MESSAGE','eb154a75-ec2c-47dd-ad0f-d24d78ec9e4c');
INSERT INTO `call_flow_element` (`id`,`created_date`,`updated_date`,`ivr_id`,`ivr_name` ,`content`,`list_order`,`name`,`type`,`unit_id`) VALUES ('b428ca05-f784-4474-ae1c-1be9ad2572e5','2018-02-23 10:48:50','2018-02-23 11:24:18','10150862',NULL,NULL,3,'m3','MESSAGE','eb154a75-ec2c-47dd-ad0f-d24d78ec9e4c');
INSERT INTO `call_flow_element` (`id`,`created_date`,`updated_date`,`ivr_id`,`ivr_name` ,`content`,`list_order`,`name`,`type`,`unit_id`) VALUES ('8a3094ef-26ee-42c6-9418-1c4bf89398e8','2018-02-23 10:48:50','2018-02-23 11:24:18','10150863',NULL,NULL,4,'m4','MESSAGE','eb154a75-ec2c-47dd-ad0f-d24d78ec9e4c');
INSERT INTO `call_flow_element` (`id`,`created_date`,`updated_date`,`ivr_id`,`ivr_name` ,`content`,`list_order`,`name`,`type`,`unit_id`) VALUES ('04f856c7-2a15-45e3-8e18-4b1432f76077','2018-02-23 10:48:50','2018-02-23 11:24:18','10150872',NULL,NULL,5,'m5','MESSAGE','eb154a75-ec2c-47dd-ad0f-d24d78ec9e4c');
INSERT INTO `call_flow_element` (`id`,`created_date`,`updated_date`,`ivr_id`,`ivr_name` ,`content`,`list_order`,`name`,`type`,`unit_id`) VALUES ('5289a96d-685b-4824-88ca-ec102eb030fd','2018-02-23 10:48:50','2018-02-23 11:24:18','10150871',NULL,NULL,6,'m6','MESSAGE','eb154a75-ec2c-47dd-ad0f-d24d78ec9e4c');
INSERT INTO `call_flow_element` (`id`,`created_date`,`updated_date`,`ivr_id`,`ivr_name` ,`content`,`list_order`,`name`,`type`,`unit_id`) VALUES ('f0dbdcc3-6c6d-4a1a-aa8c-b30707055565','2018-02-23 10:48:50','2018-02-23 11:24:18','10150864',NULL,NULL,7,'q1','QUESTION','eb154a75-ec2c-47dd-ad0f-d24d78ec9e4c');
INSERT INTO `call_flow_element` (`id`,`created_date`,`updated_date`,`ivr_id`,`ivr_name` ,`content`,`list_order`,`name`,`type`,`unit_id`) VALUES ('4d511897-8a14-4e37-8b48-3bde43121a9b','2018-02-23 10:48:50','2018-02-23 11:24:18','10150865',NULL,NULL,8,'q1 response','MESSAGE','eb154a75-ec2c-47dd-ad0f-d24d78ec9e4c');
INSERT INTO `call_flow_element` (`id`,`created_date`,`updated_date`,`ivr_id`,`ivr_name` ,`content`,`list_order`,`name`,`type`,`unit_id`) VALUES ('6b3eebc1-c4f9-46a0-af54-a051927b6cb4','2018-02-23 10:48:50','2018-02-23 11:24:18','10150866',NULL,NULL,9,'q2','QUESTION','eb154a75-ec2c-47dd-ad0f-d24d78ec9e4c');
INSERT INTO `call_flow_element` (`id`,`created_date`,`updated_date`,`ivr_id`,`ivr_name` ,`content`,`list_order`,`name`,`type`,`unit_id`) VALUES ('0d306506-c8c0-441f-ae4c-ca82d35d4c31','2018-02-23 10:48:50','2018-02-23 11:24:18','10150867',NULL,NULL,10,'q2 response','MESSAGE','eb154a75-ec2c-47dd-ad0f-d24d78ec9e4c');
INSERT INTO `call_flow_element` (`id`,`created_date`,`updated_date`,`ivr_id`,`ivr_name` ,`content`,`list_order`,`name`,`type`,`unit_id`) VALUES ('52a65a92-bd03-40e3-ad61-a81614ec4f9e','2018-02-23 10:48:50','2018-02-23 11:24:18','10150873',NULL,NULL,11,'q3','QUESTION','eb154a75-ec2c-47dd-ad0f-d24d78ec9e4c');
INSERT INTO `call_flow_element` (`id`,`created_date`,`updated_date`,`ivr_id`,`ivr_name` ,`content`,`list_order`,`name`,`type`,`unit_id`) VALUES ('53a7e0fb-6fb0-4a68-a634-fe631d82c690','2018-02-23 10:48:50','2018-02-23 11:24:18','10150874',NULL,NULL,12,'q3 response','MESSAGE','eb154a75-ec2c-47dd-ad0f-d24d78ec9e4c');

INSERT INTO `call_flow_element` (`id`,`created_date`,`updated_date`,`ivr_id`,`ivr_name` ,`content`,`list_order`,`name`,`type`,`unit_id`) VALUES ('86aaf4fb-cda3-4a1c-b153-645b16d594a3','2018-02-23 10:48:50','2018-02-23 11:21:47','10168094',NULL,NULL,0,'intro','MESSAGE','5e168c38-a75f-47f3-8e99-8eeab8e9a8e4');
INSERT INTO `call_flow_element` (`id`,`created_date`,`updated_date`,`ivr_id`,`ivr_name` ,`content`,`list_order`,`name`,`type`,`unit_id`) VALUES ('ea7a2cf3-5a0f-40ca-a286-bc591beb656a','2018-02-23 10:48:50','2018-02-23 11:15:13','10168095',NULL,NULL,1,'m1','MESSAGE','5e168c38-a75f-47f3-8e99-8eeab8e9a8e4');
INSERT INTO `call_flow_element` (`id`,`created_date`,`updated_date`,`ivr_id`,`ivr_name` ,`content`,`list_order`,`name`,`type`,`unit_id`) VALUES ('fa2c6c51-aec1-4ee5-a5fb-32b2abb396f7','2018-02-23 10:48:50','2018-02-23 11:15:13','10168096',NULL,NULL,2,'m2','MESSAGE','5e168c38-a75f-47f3-8e99-8eeab8e9a8e4');
INSERT INTO `call_flow_element` (`id`,`created_date`,`updated_date`,`ivr_id`,`ivr_name` ,`content`,`list_order`,`name`,`type`,`unit_id`) VALUES ('21c6fdcb-84f3-42c3-8f7c-5c42f6db49c3','2018-02-23 10:48:50','2018-02-23 11:15:13','10168097',NULL,NULL,3,'m3','MESSAGE','5e168c38-a75f-47f3-8e99-8eeab8e9a8e4');
INSERT INTO `call_flow_element` (`id`,`created_date`,`updated_date`,`ivr_id`,`ivr_name` ,`content`,`list_order`,`name`,`type`,`unit_id`) VALUES ('b786e5f0-df62-486f-be84-fa019cdd9f44','2018-02-23 10:48:50','2018-02-23 11:15:13','10168105',NULL,NULL,4,'m4','MESSAGE','5e168c38-a75f-47f3-8e99-8eeab8e9a8e4');
INSERT INTO `call_flow_element` (`id`,`created_date`,`updated_date`,`ivr_id`,`ivr_name` ,`content`,`list_order`,`name`,`type`,`unit_id`) VALUES ('6c9a79ed-ae3c-45aa-872e-d87e145f52eb','2018-02-23 10:48:50','2018-02-23 11:15:13','10168106',NULL,NULL,5,'m5','MESSAGE','5e168c38-a75f-47f3-8e99-8eeab8e9a8e4');
INSERT INTO `call_flow_element` (`id`,`created_date`,`updated_date`,`ivr_id`,`ivr_name` ,`content`,`list_order`,`name`,`type`,`unit_id`) VALUES ('04633ac3-3731-41a4-bc3c-910eaf87cb95','2018-02-23 10:48:50','2018-02-23 11:15:13','10168107',NULL,NULL,6,'m6','MESSAGE','5e168c38-a75f-47f3-8e99-8eeab8e9a8e4');
INSERT INTO `call_flow_element` (`id`,`created_date`,`updated_date`,`ivr_id`,`ivr_name` ,`content`,`list_order`,`name`,`type`,`unit_id`) VALUES ('04800783-8153-442c-b899-974e5410463c','2018-02-23 10:48:50','2018-02-23 11:15:13','10168114',NULL,NULL,7,'m7','MESSAGE','5e168c38-a75f-47f3-8e99-8eeab8e9a8e4');
INSERT INTO `call_flow_element` (`id`,`created_date`,`updated_date`,`ivr_id`,`ivr_name` ,`content`,`list_order`,`name`,`type`,`unit_id`) VALUES ('77124324-7855-4baa-a664-6239f5f34668','2018-02-23 10:48:50','2018-02-23 11:15:13','10168098',NULL,NULL,8,'q1','QUESTION','5e168c38-a75f-47f3-8e99-8eeab8e9a8e4');
INSERT INTO `call_flow_element` (`id`,`created_date`,`updated_date`,`ivr_id`,`ivr_name` ,`content`,`list_order`,`name`,`type`,`unit_id`) VALUES ('3378ca0f-cea7-4699-8566-0e6d45e9a4c8','2018-02-23 10:48:50','2018-02-23 11:15:13','10168099',NULL,NULL,9,'q1 response','MESSAGE','5e168c38-a75f-47f3-8e99-8eeab8e9a8e4');
INSERT INTO `call_flow_element` (`id`,`created_date`,`updated_date`,`ivr_id`,`ivr_name` ,`content`,`list_order`,`name`,`type`,`unit_id`) VALUES ('49c45d85-f0d0-4d30-ab37-100349d7aefc','2018-02-23 10:48:50','2018-02-23 11:15:13','10168100',NULL,NULL,10,'q2','QUESTION','5e168c38-a75f-47f3-8e99-8eeab8e9a8e4');
INSERT INTO `call_flow_element` (`id`,`created_date`,`updated_date`,`ivr_id`,`ivr_name` ,`content`,`list_order`,`name`,`type`,`unit_id`) VALUES ('eea46dda-03c9-454e-b22a-96e8c18d1124','2018-02-23 10:48:50','2018-02-23 11:15:13','10168101',NULL,NULL,11,'q2 response','MESSAGE','5e168c38-a75f-47f3-8e99-8eeab8e9a8e4');
INSERT INTO `call_flow_element` (`id`,`created_date`,`updated_date`,`ivr_id`,`ivr_name` ,`content`,`list_order`,`name`,`type`,`unit_id`) VALUES ('0698896c-f0ca-411b-852c-1785e7da68b9','2018-02-23 10:48:50','2018-02-23 11:15:13','10168108',NULL,NULL,12,'q3','QUESTION','5e168c38-a75f-47f3-8e99-8eeab8e9a8e4');
INSERT INTO `call_flow_element` (`id`,`created_date`,`updated_date`,`ivr_id`,`ivr_name` ,`content`,`list_order`,`name`,`type`,`unit_id`) VALUES ('05fba838-3a6c-4cb4-ab59-b7df1a259d7d','2018-02-23 10:48:50','2018-02-23 11:15:13','10168111',NULL,NULL,13,'q3 response','MESSAGE','5e168c38-a75f-47f3-8e99-8eeab8e9a8e4');
INSERT INTO `call_flow_element` (`id`,`created_date`,`updated_date`,`ivr_id`,`ivr_name` ,`content`,`list_order`,`name`,`type`,`unit_id`) VALUES ('06d45e16-ffc3-4d34-9a06-c5ec97accfde','2018-02-23 10:48:50','2018-02-23 11:15:13','10168109',NULL,NULL,14,'q4','QUESTION','5e168c38-a75f-47f3-8e99-8eeab8e9a8e4');
INSERT INTO `call_flow_element` (`id`,`created_date`,`updated_date`,`ivr_id`,`ivr_name` ,`content`,`list_order`,`name`,`type`,`unit_id`) VALUES ('06110fb1-ce54-42b0-a1b9-ae49955003a9','2018-02-23 10:48:50','2018-02-23 11:15:13','10168112',NULL,NULL,15,'q4 response','MESSAGE','5e168c38-a75f-47f3-8e99-8eeab8e9a8e4');
INSERT INTO `call_flow_element` (`id`,`created_date`,`updated_date`,`ivr_id`,`ivr_name` ,`content`,`list_order`,`name`,`type`,`unit_id`) VALUES ('0702d19a-e30f-4ea8-831d-d6a74aeb2ab5','2018-02-23 10:48:50','2018-02-23 11:15:13','10168110',NULL,NULL,16,'q5','QUESTION','5e168c38-a75f-47f3-8e99-8eeab8e9a8e4');
INSERT INTO `call_flow_element` (`id`,`created_date`,`updated_date`,`ivr_id`,`ivr_name` ,`content`,`list_order`,`name`,`type`,`unit_id`) VALUES ('068faa9b-29c5-4159-a3ef-bea5ccdfbf0f','2018-02-23 10:48:50','2018-02-23 11:15:13','10168113',NULL,NULL,17,'q5 response','MESSAGE','5e168c38-a75f-47f3-8e99-8eeab8e9a8e4');

INSERT INTO `call_flow_element` (`id`,`created_date`,`updated_date`,`ivr_id`,`ivr_name` ,`content`,`list_order`,`name`,`type`,`unit_id`) VALUES ('a5942273-7d49-4de2-bd7d-eb45a94fef00','2018-02-23 10:48:50','2018-02-23 11:21:47','10158733',NULL,NULL,0,'intro','MESSAGE','23f513de-f287-4ae2-9a0a-f287801aabdf');
INSERT INTO `call_flow_element` (`id`,`created_date`,`updated_date`,`ivr_id`,`ivr_name` ,`content`,`list_order`,`name`,`type`,`unit_id`) VALUES ('09ac31bc-ec1f-4593-8146-0abfe9e0917a','2018-02-24 13:53:21','2018-02-24 13:53:21','10158734',NULL,NULL,1,'m1','MESSAGE','23f513de-f287-4ae2-9a0a-f287801aabdf');
INSERT INTO `call_flow_element` (`id`,`created_date`,`updated_date`,`ivr_id`,`ivr_name` ,`content`,`list_order`,`name`,`type`,`unit_id`) VALUES ('0541ab42-95ec-4bde-b565-2a90422b0f02','2018-02-23 10:48:50','2018-02-23 11:15:13','10158735',NULL,NULL,2,'m2','MESSAGE','23f513de-f287-4ae2-9a0a-f287801aabdf');
INSERT INTO `call_flow_element` (`id`,`created_date`,`updated_date`,`ivr_id`,`ivr_name` ,`content`,`list_order`,`name`,`type`,`unit_id`) VALUES ('08a53952-b41e-4cf7-9efe-545b10f887e9','2018-02-23 10:48:50','2018-02-23 11:15:13','10158736',NULL,NULL,3,'m3','MESSAGE','23f513de-f287-4ae2-9a0a-f287801aabdf');
INSERT INTO `call_flow_element` (`id`,`created_date`,`updated_date`,`ivr_id`,`ivr_name` ,`content`,`list_order`,`name`,`type`,`unit_id`) VALUES ('08acd06b-8a5e-4451-a80d-887552e85ee9','2018-02-23 10:48:50','2018-02-23 11:15:13','10158737',NULL,NULL,4,'m4','MESSAGE','23f513de-f287-4ae2-9a0a-f287801aabdf');
INSERT INTO `call_flow_element` (`id`,`created_date`,`updated_date`,`ivr_id`,`ivr_name` ,`content`,`list_order`,`name`,`type`,`unit_id`) VALUES ('092c5926-7016-4844-9378-c2d3894c944d','2018-02-23 10:48:50','2018-02-23 11:15:13','10158745',NULL,NULL,5,'m5','MESSAGE','23f513de-f287-4ae2-9a0a-f287801aabdf');
INSERT INTO `call_flow_element` (`id`,`created_date`,`updated_date`,`ivr_id`,`ivr_name` ,`content`,`list_order`,`name`,`type`,`unit_id`) VALUES ('0983e834-b9dc-4d79-8a63-cad8487c4276','2018-02-23 10:48:50','2018-02-23 11:15:13','10158746',NULL,NULL,6,'m6','MESSAGE','23f513de-f287-4ae2-9a0a-f287801aabdf');
INSERT INTO `call_flow_element` (`id`,`created_date`,`updated_date`,`ivr_id`,`ivr_name` ,`content`,`list_order`,`name`,`type`,`unit_id`) VALUES ('2a6c726e-a8fe-43bf-b5ad-4a19a7d652a6','2018-02-24 13:53:21','2018-02-24 13:53:21','10158738',NULL,NULL,7,'q1','QUESTION','23f513de-f287-4ae2-9a0a-f287801aabdf');
INSERT INTO `call_flow_element` (`id`,`created_date`,`updated_date`,`ivr_id`,`ivr_name` ,`content`,`list_order`,`name`,`type`,`unit_id`) VALUES ('cea170d7-142a-4e67-aa9c-052536260f9c','2018-02-24 13:53:22','2018-02-24 13:53:22','10158739',NULL,NULL,8,'q1 response','MESSAGE','23f513de-f287-4ae2-9a0a-f287801aabdf');
INSERT INTO `call_flow_element` (`id`,`created_date`,`updated_date`,`ivr_id`,`ivr_name` ,`content`,`list_order`,`name`,`type`,`unit_id`) VALUES ('0b1794d2-1984-456f-b858-77d24f643543','2018-02-24 13:53:21','2018-02-24 13:53:21','10158740',NULL,NULL,9,'q2','QUESTION','23f513de-f287-4ae2-9a0a-f287801aabdf');
INSERT INTO `call_flow_element` (`id`,`created_date`,`updated_date`,`ivr_id`,`ivr_name` ,`content`,`list_order`,`name`,`type`,`unit_id`) VALUES ('0a5e1e21-d0b3-4279-907e-86c9a0dfc9b8','2018-02-24 13:53:22','2018-02-24 13:53:22','10158741',NULL,NULL,10,'q2 response','MESSAGE','23f513de-f287-4ae2-9a0a-f287801aabdf');
INSERT INTO `call_flow_element` (`id`,`created_date`,`updated_date`,`ivr_id`,`ivr_name` ,`content`,`list_order`,`name`,`type`,`unit_id`) VALUES ('0b514593-7c0b-409b-834b-b6e6ce85e182','2018-02-24 13:53:21','2018-02-24 13:53:21','10158747',NULL,NULL,11,'q3','QUESTION','23f513de-f287-4ae2-9a0a-f287801aabdf');
INSERT INTO `call_flow_element` (`id`,`created_date`,`updated_date`,`ivr_id`,`ivr_name` ,`content`,`list_order`,`name`,`type`,`unit_id`) VALUES ('0aa18f58-45fd-4a04-b238-67e7d2fdbc9f','2018-02-24 13:53:22','2018-02-24 13:53:22','10158749',NULL,NULL,12,'q3 response','MESSAGE','23f513de-f287-4ae2-9a0a-f287801aabdf');
INSERT INTO `call_flow_element` (`id`,`created_date`,`updated_date`,`ivr_id`,`ivr_name` ,`content`,`list_order`,`name`,`type`,`unit_id`) VALUES ('0bd58d2e-efff-418a-b1f6-809be93bf58a','2018-02-24 13:53:21','2018-02-24 13:53:21','10158748',NULL,NULL,13,'q4','QUESTION','23f513de-f287-4ae2-9a0a-f287801aabdf');
INSERT INTO `call_flow_element` (`id`,`created_date`,`updated_date`,`ivr_id`,`ivr_name` ,`content`,`list_order`,`name`,`type`,`unit_id`) VALUES ('0aacf979-fffd-4909-bbde-f7d2458953df','2018-02-24 13:53:22','2018-02-24 13:53:22','10158750',NULL,NULL,14,'q4 response','MESSAGE','23f513de-f287-4ae2-9a0a-f287801aabdf');

INSERT INTO `call_flow_element` (`id`,`created_date`,`updated_date`,`ivr_id`,`ivr_name` ,`content`,`list_order`,`name`,`type`,`unit_id`) VALUES ('86c25fdb-2014-4e29-8d20-8690fc6013a1','2018-02-23 10:48:50','2018-02-23 11:21:47','10159784',NULL,NULL,0,'intro','MESSAGE','dbd73e0c-65ed-44d7-9f15-b30fd7ce0826');
INSERT INTO `call_flow_element` (`id`,`created_date`,`updated_date`,`ivr_id`,`ivr_name` ,`content`,`list_order`,`name`,`type`,`unit_id`) VALUES ('69a75758-9bd7-44c7-bc25-85edc99d465d','2018-02-24 13:56:23','2018-02-24 13:56:23','10159785',NULL,NULL,1,'m1','MESSAGE','dbd73e0c-65ed-44d7-9f15-b30fd7ce0826');
INSERT INTO `call_flow_element` (`id`,`created_date`,`updated_date`,`ivr_id`,`ivr_name` ,`content`,`list_order`,`name`,`type`,`unit_id`) VALUES ('d434a30a-1f4a-4c2f-9fd2-0fc0cebcdfb3','2018-02-24 13:56:23','2018-02-24 13:56:23','10159786',NULL,NULL,2,'m2','MESSAGE','dbd73e0c-65ed-44d7-9f15-b30fd7ce0826');
INSERT INTO `call_flow_element` (`id`,`created_date`,`updated_date`,`ivr_id`,`ivr_name` ,`content`,`list_order`,`name`,`type`,`unit_id`) VALUES ('9d75488f-cb21-4fe1-9eca-cf4ba82ad1cc','2018-02-24 13:56:23','2018-02-24 13:56:23','10159787',NULL,NULL,3,'m3','MESSAGE','dbd73e0c-65ed-44d7-9f15-b30fd7ce0826');
INSERT INTO `call_flow_element` (`id`,`created_date`,`updated_date`,`ivr_id`,`ivr_name` ,`content`,`list_order`,`name`,`type`,`unit_id`) VALUES ('02202a6f-9052-4876-bf4c-fe0878ae5e8d','2018-02-24 13:56:23','2018-02-24 13:56:23','10159788',NULL,NULL,4,'m4','MESSAGE','dbd73e0c-65ed-44d7-9f15-b30fd7ce0826');
INSERT INTO `call_flow_element` (`id`,`created_date`,`updated_date`,`ivr_id`,`ivr_name` ,`content`,`list_order`,`name`,`type`,`unit_id`) VALUES ('47664d5c-443b-4df7-b4d6-4794fa078e45','2018-02-24 13:56:23','2018-02-24 13:56:23','10159789',NULL,NULL,5,'q1','QUESTION','dbd73e0c-65ed-44d7-9f15-b30fd7ce0826');
INSERT INTO `call_flow_element` (`id`,`created_date`,`updated_date`,`ivr_id`,`ivr_name` ,`content`,`list_order`,`name`,`type`,`unit_id`) VALUES ('0ff83990-8926-4e92-a120-434250367bdd','2018-02-24 13:56:23','2018-02-24 13:56:23','10159790',NULL,NULL,6,'q1 response','MESSAGE','dbd73e0c-65ed-44d7-9f15-b30fd7ce0826');
INSERT INTO `call_flow_element` (`id`,`created_date`,`updated_date`,`ivr_id`,`ivr_name` ,`content`,`list_order`,`name`,`type`,`unit_id`) VALUES ('872ad814-b78e-406f-8ce5-a29a21742b8f','2018-02-24 13:56:23','2018-02-24 13:56:23','10159791',NULL,NULL,7,'q2','QUESTION','dbd73e0c-65ed-44d7-9f15-b30fd7ce0826');
INSERT INTO `call_flow_element` (`id`,`created_date`,`updated_date`,`ivr_id`,`ivr_name` ,`content`,`list_order`,`name`,`type`,`unit_id`) VALUES ('88941df7-4cf7-483f-b2f7-2b61979d90bc','2018-02-24 13:56:23','2018-02-24 13:56:23','10159792',NULL,NULL,8,'q2 response','MESSAGE','dbd73e0c-65ed-44d7-9f15-b30fd7ce0826');
INSERT INTO `call_flow_element` (`id`,`created_date`,`updated_date`,`ivr_id`,`ivr_name` ,`content`,`list_order`,`name`,`type`,`unit_id`) VALUES ('8751db52-0930-449d-99fa-a71f1ead9978','2018-02-24 13:56:23','2018-02-24 13:56:23','10159796',NULL,NULL,9,'q3','QUESTION','dbd73e0c-65ed-44d7-9f15-b30fd7ce0826');
INSERT INTO `call_flow_element` (`id`,`created_date`,`updated_date`,`ivr_id`,`ivr_name` ,`content`,`list_order`,`name`,`type`,`unit_id`) VALUES ('88cfdde5-6e69-4fc2-a370-3fca85de0e01','2018-02-24 13:56:23','2018-02-24 13:56:23','10159798',NULL,NULL,10,'q3 response','MESSAGE','dbd73e0c-65ed-44d7-9f15-b30fd7ce0826');
INSERT INTO `call_flow_element` (`id`,`created_date`,`updated_date`,`ivr_id`,`ivr_name` ,`content`,`list_order`,`name`,`type`,`unit_id`) VALUES ('87a3e3de-44e5-4351-83be-bd79efa8879b','2018-02-24 13:56:23','2018-02-24 13:56:23','10159797',NULL,NULL,11,'q4','QUESTION','dbd73e0c-65ed-44d7-9f15-b30fd7ce0826');
INSERT INTO `call_flow_element` (`id`,`created_date`,`updated_date`,`ivr_id`,`ivr_name` ,`content`,`list_order`,`name`,`type`,`unit_id`) VALUES ('8938f63a-4d9e-43ab-9de5-d5a76902fbf4','2018-02-24 13:56:23','2018-02-24 13:56:23','10159799',NULL,NULL,12,'q4 response','MESSAGE','dbd73e0c-65ed-44d7-9f15-b30fd7ce0826');

INSERT INTO `call_flow_element` (`id`,`created_date`,`updated_date`,`ivr_id`,`ivr_name` ,`content`,`list_order`,`name`,`type`,`unit_id`) VALUES ('798fa860-fe26-40d3-844f-1abe66122e80','2018-02-24 14:00:19','2018-02-24 14:03:09','10160653',NULL,NULL,0,'intro','MESSAGE','ebbd65b8-5e82-4abf-bdad-630482b16b6d');
INSERT INTO `call_flow_element` (`id`,`created_date`,`updated_date`,`ivr_id`,`ivr_name` ,`content`,`list_order`,`name`,`type`,`unit_id`) VALUES ('12edd996-3af1-4656-b7b4-f971c49410e5','2018-02-24 14:00:19','2018-02-24 14:03:09','10160654',NULL,NULL,1,'m1','MESSAGE','ebbd65b8-5e82-4abf-bdad-630482b16b6d');
INSERT INTO `call_flow_element` (`id`,`created_date`,`updated_date`,`ivr_id`,`ivr_name` ,`content`,`list_order`,`name`,`type`,`unit_id`) VALUES ('e5ce6175-4f81-4223-8b36-d6848644d12d','2018-02-24 14:00:19','2018-02-24 14:03:09','10160655',NULL,NULL,2,'m2','MESSAGE','ebbd65b8-5e82-4abf-bdad-630482b16b6d');
INSERT INTO `call_flow_element` (`id`,`created_date`,`updated_date`,`ivr_id`,`ivr_name` ,`content`,`list_order`,`name`,`type`,`unit_id`) VALUES ('fcdec4df-e60f-4cd6-9de0-b0e0cabf029d','2018-02-24 14:00:19','2018-02-24 14:03:09','10160656',NULL,NULL,3,'m3','MESSAGE','ebbd65b8-5e82-4abf-bdad-630482b16b6d');
INSERT INTO `call_flow_element` (`id`,`created_date`,`updated_date`,`ivr_id`,`ivr_name` ,`content`,`list_order`,`name`,`type`,`unit_id`) VALUES ('22b25e58-00eb-4b80-88ca-ca97e9a1eee7','2018-02-24 14:00:19','2018-02-24 14:03:09','10160657',NULL,NULL,4,'m4','MESSAGE','ebbd65b8-5e82-4abf-bdad-630482b16b6d');
INSERT INTO `call_flow_element` (`id`,`created_date`,`updated_date`,`ivr_id`,`ivr_name` ,`content`,`list_order`,`name`,`type`,`unit_id`) VALUES ('231dec7e-c75f-4f2b-a78d-9ae64a71a970','2018-02-24 14:00:19','2018-02-24 14:03:09','10160658',NULL,NULL,5,'q1','QUESTION','ebbd65b8-5e82-4abf-bdad-630482b16b6d');
INSERT INTO `call_flow_element` (`id`,`created_date`,`updated_date`,`ivr_id`,`ivr_name` ,`content`,`list_order`,`name`,`type`,`unit_id`) VALUES ('6a50503e-48f8-4b35-9604-5274ecfe575e','2018-02-24 14:00:19','2018-02-24 14:03:09','10160659',NULL,NULL,6,'q1 response','MESSAGE','ebbd65b8-5e82-4abf-bdad-630482b16b6d');
INSERT INTO `call_flow_element` (`id`,`created_date`,`updated_date`,`ivr_id`,`ivr_name` ,`content`,`list_order`,`name`,`type`,`unit_id`) VALUES ('b809c4fa-7382-4cd4-82c4-f6c1df25a0d3','2018-02-24 14:00:19','2018-02-24 14:03:09','10160660',NULL,NULL,7,'q2','QUESTION','ebbd65b8-5e82-4abf-bdad-630482b16b6d');
INSERT INTO `call_flow_element` (`id`,`created_date`,`updated_date`,`ivr_id`,`ivr_name` ,`content`,`list_order`,`name`,`type`,`unit_id`) VALUES ('2302cf12-4bd7-4321-a786-40479d8dddff','2018-02-24 14:00:19','2018-02-24 14:03:09','10160661',NULL,NULL,8,'q2 response','MESSAGE','ebbd65b8-5e82-4abf-bdad-630482b16b6d');
INSERT INTO `call_flow_element` (`id`,`created_date`,`updated_date`,`ivr_id`,`ivr_name` ,`content`,`list_order`,`name`,`type`,`unit_id`) VALUES ('894931ba-47d1-418b-874c-4b4c00306e9b','2018-02-24 14:00:19','2018-02-24 14:03:09','10160665',NULL,NULL,9,'q3','QUESTION','ebbd65b8-5e82-4abf-bdad-630482b16b6d');
INSERT INTO `call_flow_element` (`id`,`created_date`,`updated_date`,`ivr_id`,`ivr_name` ,`content`,`list_order`,`name`,`type`,`unit_id`) VALUES ('93498e23-18b9-4ea6-931d-50eee4917551','2018-02-24 14:00:19','2018-02-24 14:03:09','10160667',NULL,NULL,10,'q3 response','MESSAGE','ebbd65b8-5e82-4abf-bdad-630482b16b6d');
INSERT INTO `call_flow_element` (`id`,`created_date`,`updated_date`,`ivr_id`,`ivr_name` ,`content`,`list_order`,`name`,`type`,`unit_id`) VALUES ('899d0548-cdfc-4148-90f0-1ce613d69259','2018-02-24 14:00:19','2018-02-24 14:03:09','10160666',NULL,NULL,11,'q4','QUESTION','ebbd65b8-5e82-4abf-bdad-630482b16b6d');
INSERT INTO `call_flow_element` (`id`,`created_date`,`updated_date`,`ivr_id`,`ivr_name` ,`content`,`list_order`,`name`,`type`,`unit_id`) VALUES ('936f7e67-65ea-45b1-a54b-88d66554008f','2018-02-24 14:00:19','2018-02-24 14:03:09','10160668',NULL,NULL,12,'q4 response','MESSAGE','ebbd65b8-5e82-4abf-bdad-630482b16b6d');

INSERT INTO `call_flow_element` (`id`,`created_date`,`updated_date`,`ivr_id`,`ivr_name` ,`content`,`list_order`,`name`,`type`,`unit_id`) VALUES ('6f3d037b-7dda-4325-a8a2-f4028bb34aeb','2018-02-24 13:41:33','2018-02-24 13:41:33','9671565',NULL,NULL,0,'m1','MESSAGE','37c54756-7669-4476-8ff8-25a8714df614');
INSERT INTO `call_flow_element` (`id`,`created_date`,`updated_date`,`ivr_id`,`ivr_name` ,`content`,`list_order`,`name`,`type`,`unit_id`) VALUES ('031fb03d-841f-4747-bce9-b243705a1d2a','2018-02-24 13:41:33','2018-02-24 13:41:33','9671566',NULL,NULL,1,'q1','QUESTION','37c54756-7669-4476-8ff8-25a8714df614');
INSERT INTO `call_flow_element` (`id`,`created_date`,`updated_date`,`ivr_id`,`ivr_name` ,`content`,`list_order`,`name`,`type`,`unit_id`) VALUES ('03af6f4b-2b56-4df8-9213-d373026db370','2018-02-24 13:41:33','2018-02-24 13:41:33','9671567',NULL,NULL,2,'q2','QUESTION','37c54756-7669-4476-8ff8-25a8714df614');
INSERT INTO `call_flow_element` (`id`,`created_date`,`updated_date`,`ivr_id`,`ivr_name` ,`content`,`list_order`,`name`,`type`,`unit_id`) VALUES ('03f919d2-6fc8-4410-8f8a-8760a499f1bf','2018-02-24 13:41:33','2018-02-24 13:41:33','9671568',NULL,NULL,3,'q3','QUESTION','37c54756-7669-4476-8ff8-25a8714df614');

INSERT INTO `call_flow_element` (`id`,`created_date`,`updated_date`,`ivr_id`,`ivr_name` ,`content`,`list_order`,`name`,`type`,`unit_id`) VALUES ('485abd41-97b6-4434-8d18-17e2dca7e9dd','2018-02-24 13:43:35','2018-02-24 13:45:09','9671543',NULL,NULL,0,'m1','MESSAGE','86685011-d6a8-450f-b587-d75a07cd21c1');
INSERT INTO `call_flow_element` (`id`,`created_date`,`updated_date`,`ivr_id`,`ivr_name` ,`content`,`list_order`,`name`,`type`,`unit_id`) VALUES ('5aea6e67-1326-413a-a814-e423a2a5faaf','2018-02-24 13:43:35','2018-02-24 13:45:09','9671544',NULL,NULL,1,'m2','MESSAGE','86685011-d6a8-450f-b587-d75a07cd21c1');
INSERT INTO `call_flow_element` (`id`,`created_date`,`updated_date`,`ivr_id`,`ivr_name` ,`content`,`list_order`,`name`,`type`,`unit_id`) VALUES ('530f6ea8-0665-4a1e-b9e8-ea0e01ec896e','2018-02-24 13:43:35','2018-02-24 13:45:09','9671545',NULL,NULL,2,'m3','MESSAGE','86685011-d6a8-450f-b587-d75a07cd21c1');
INSERT INTO `call_flow_element` (`id`,`created_date`,`updated_date`,`ivr_id`,`ivr_name` ,`content`,`list_order`,`name`,`type`,`unit_id`) VALUES ('3c3b5173-4985-4b18-9ba4-5b10c51eee71','2018-02-24 13:43:35','2018-02-24 13:45:09','9671546',NULL,NULL,3,'q1','QUESTION','86685011-d6a8-450f-b587-d75a07cd21c1');
INSERT INTO `call_flow_element` (`id`,`created_date`,`updated_date`,`ivr_id`,`ivr_name` ,`content`,`list_order`,`name`,`type`,`unit_id`) VALUES ('0be447da-5481-443f-a20a-0fc26bf8de21','2018-02-24 13:43:35','2018-02-24 13:45:09','9671547',NULL,NULL,4,'q1 response','MESSAGE','86685011-d6a8-450f-b587-d75a07cd21c1');

INSERT INTO `call_flow_element` (`id`,`created_date`,`updated_date`,`ivr_id`,`ivr_name` ,`content`,`list_order`,`name`,`type`,`unit_id`) VALUES ('add28325-8709-443b-af60-3fbf221b9df9','2018-02-24 13:46:38','2018-02-24 13:48:38','9671528',NULL,NULL,0,'m1','MESSAGE','9b5d0d3a-689e-4ee9-a091-05cd02841d67');
INSERT INTO `call_flow_element` (`id`,`created_date`,`updated_date`,`ivr_id`,`ivr_name` ,`content`,`list_order`,`name`,`type`,`unit_id`) VALUES ('b7388bfe-c66d-4ab7-926f-bee4a25efcc4','2018-02-24 13:46:38','2018-02-24 13:48:38','9671529',NULL,NULL,1,'m2','MESSAGE','9b5d0d3a-689e-4ee9-a091-05cd02841d67');
INSERT INTO `call_flow_element` (`id`,`created_date`,`updated_date`,`ivr_id`,`ivr_name` ,`content`,`list_order`,`name`,`type`,`unit_id`) VALUES ('bab30ee7-b4ed-466a-9646-bb5fa4635f86','2018-02-24 13:46:38','2018-02-24 13:48:38','9671530',NULL,NULL,2,'q1','QUESTION','9b5d0d3a-689e-4ee9-a091-05cd02841d67');
INSERT INTO `call_flow_element` (`id`,`created_date`,`updated_date`,`ivr_id`,`ivr_name` ,`content`,`list_order`,`name`,`type`,`unit_id`) VALUES ('6e768678-f602-4b67-8720-dfc9f5cce90c','2018-02-24 13:46:38','2018-02-24 13:48:38','9671531',NULL,NULL,3,'q1 response','MESSAGE','9b5d0d3a-689e-4ee9-a091-05cd02841d67');


INSERT INTO `message` (`call_flow_element_id`) VALUES ('04f856c7-2a15-45e3-8e18-4b1432f76077');
INSERT INTO `message` (`call_flow_element_id`) VALUES ('09ac31bc-ec1f-4593-8146-0abfe9e0917a');
INSERT INTO `message` (`call_flow_element_id`) VALUES ('0be447da-5481-443f-a20a-0fc26bf8de21');
INSERT INTO `message` (`call_flow_element_id`) VALUES ('0d306506-c8c0-441f-ae4c-ca82d35d4c31');
INSERT INTO `message` (`call_flow_element_id`) VALUES ('0ff83990-8926-4e92-a120-434250367bdd');
INSERT INTO `message` (`call_flow_element_id`) VALUES ('12edd996-3af1-4656-b7b4-f971c49410e5');
INSERT INTO `message` (`call_flow_element_id`) VALUES ('21c6fdcb-84f3-42c3-8f7c-5c42f6db49c3');
INSERT INTO `message` (`call_flow_element_id`) VALUES ('22b25e58-00eb-4b80-88ca-ca97e9a1eee7');
INSERT INTO `message` (`call_flow_element_id`) VALUES ('2302cf12-4bd7-4321-a786-40479d8dddff');
INSERT INTO `message` (`call_flow_element_id`) VALUES ('3378ca0f-cea7-4699-8566-0e6d45e9a4c8');
INSERT INTO `message` (`call_flow_element_id`) VALUES ('485abd41-97b6-4434-8d18-17e2dca7e9dd');
INSERT INTO `message` (`call_flow_element_id`) VALUES ('4d511897-8a14-4e37-8b48-3bde43121a9b');
INSERT INTO `message` (`call_flow_element_id`) VALUES ('530f6ea8-0665-4a1e-b9e8-ea0e01ec896e');
INSERT INTO `message` (`call_flow_element_id`) VALUES ('5aea6e67-1326-413a-a814-e423a2a5faaf');
INSERT INTO `message` (`call_flow_element_id`) VALUES ('69a75758-9bd7-44c7-bc25-85edc99d465d');
INSERT INTO `message` (`call_flow_element_id`) VALUES ('6a50503e-48f8-4b35-9604-5274ecfe575e');
INSERT INTO `message` (`call_flow_element_id`) VALUES ('6c9a79ed-ae3c-45aa-872e-d87e145f52eb');
INSERT INTO `message` (`call_flow_element_id`) VALUES ('6e768678-f602-4b67-8720-dfc9f5cce90c');
INSERT INTO `message` (`call_flow_element_id`) VALUES ('6f3d037b-7dda-4325-a8a2-f4028bb34aeb');
INSERT INTO `message` (`call_flow_element_id`) VALUES ('798fa860-fe26-40d3-844f-1abe66122e80');
INSERT INTO `message` (`call_flow_element_id`) VALUES ('8a3094ef-26ee-42c6-9418-1c4bf89398e8');
INSERT INTO `message` (`call_flow_element_id`) VALUES ('9d75488f-cb21-4fe1-9eca-cf4ba82ad1cc');
INSERT INTO `message` (`call_flow_element_id`) VALUES ('9f4febb0-7376-4e38-bc42-32511c4fb1e9');
INSERT INTO `message` (`call_flow_element_id`) VALUES ('add28325-8709-443b-af60-3fbf221b9df9');
INSERT INTO `message` (`call_flow_element_id`) VALUES ('b428ca05-f784-4474-ae1c-1be9ad2572e5');
INSERT INTO `message` (`call_flow_element_id`) VALUES ('b7388bfe-c66d-4ab7-926f-bee4a25efcc4');
INSERT INTO `message` (`call_flow_element_id`) VALUES ('b786e5f0-df62-486f-be84-fa019cdd9f44');
INSERT INTO `message` (`call_flow_element_id`) VALUES ('cea170d7-142a-4e67-aa9c-052536260f9c');
INSERT INTO `message` (`call_flow_element_id`) VALUES ('d434a30a-1f4a-4c2f-9fd2-0fc0cebcdfb3');
INSERT INTO `message` (`call_flow_element_id`) VALUES ('d44428b9-9cb6-4411-bb8f-26355c402c5c');
INSERT INTO `message` (`call_flow_element_id`) VALUES ('e5ce6175-4f81-4223-8b36-d6848644d12d');
INSERT INTO `message` (`call_flow_element_id`) VALUES ('ea7a2cf3-5a0f-40ca-a286-bc591beb656a');
INSERT INTO `message` (`call_flow_element_id`) VALUES ('eea46dda-03c9-454e-b22a-96e8c18d1124');
INSERT INTO `message` (`call_flow_element_id`) VALUES ('fa2c6c51-aec1-4ee5-a5fb-32b2abb396f7');
INSERT INTO `message` (`call_flow_element_id`) VALUES ('fcdec4df-e60f-4cd6-9de0-b0e0cabf029d');
INSERT INTO `message` (`call_flow_element_id`) VALUES ('fd8b0a9b-2ca5-4632-88be-880e3fade354');
INSERT INTO `message` (`call_flow_element_id`) VALUES ('5289a96d-685b-4824-88ca-ec102eb030fd');
INSERT INTO `message` (`call_flow_element_id`) VALUES ('53a7e0fb-6fb0-4a68-a634-fe631d82c690');
INSERT INTO `message` (`call_flow_element_id`) VALUES ('04633ac3-3731-41a4-bc3c-910eaf87cb95');
INSERT INTO `message` (`call_flow_element_id`) VALUES ('04800783-8153-442c-b899-974e5410463c');
INSERT INTO `message` (`call_flow_element_id`) VALUES ('0541ab42-95ec-4bde-b565-2a90422b0f02');
INSERT INTO `message` (`call_flow_element_id`) VALUES ('05fba838-3a6c-4cb4-ab59-b7df1a259d7d');
INSERT INTO `message` (`call_flow_element_id`) VALUES ('06110fb1-ce54-42b0-a1b9-ae49955003a9');
INSERT INTO `message` (`call_flow_element_id`) VALUES ('068faa9b-29c5-4159-a3ef-bea5ccdfbf0f');
INSERT INTO `message` (`call_flow_element_id`) VALUES ('08a53952-b41e-4cf7-9efe-545b10f887e9');
INSERT INTO `message` (`call_flow_element_id`) VALUES ('08acd06b-8a5e-4451-a80d-887552e85ee9');
INSERT INTO `message` (`call_flow_element_id`) VALUES ('092c5926-7016-4844-9378-c2d3894c944d');
INSERT INTO `message` (`call_flow_element_id`) VALUES ('0983e834-b9dc-4d79-8a63-cad8487c4276');
INSERT INTO `message` (`call_flow_element_id`) VALUES ('0a5e1e21-d0b3-4279-907e-86c9a0dfc9b8');
INSERT INTO `message` (`call_flow_element_id`) VALUES ('0aa18f58-45fd-4a04-b238-67e7d2fdbc9f');
INSERT INTO `message` (`call_flow_element_id`) VALUES ('0aacf979-fffd-4909-bbde-f7d2458953df');
INSERT INTO `message` (`call_flow_element_id`) VALUES ('8628cb45-5a03-47a5-a59a-4e4b8bb1e07f');
INSERT INTO `message` (`call_flow_element_id`) VALUES ('86aaf4fb-cda3-4a1c-b153-645b16d594a3');
INSERT INTO `message` (`call_flow_element_id`) VALUES ('86c25fdb-2014-4e29-8d20-8690fc6013a1');
INSERT INTO `message` (`call_flow_element_id`) VALUES ('88941df7-4cf7-483f-b2f7-2b61979d90bc');
INSERT INTO `message` (`call_flow_element_id`) VALUES ('88cfdde5-6e69-4fc2-a370-3fca85de0e01');
INSERT INTO `message` (`call_flow_element_id`) VALUES ('8938f63a-4d9e-43ab-9de5-d5a76902fbf4');
INSERT INTO `message` (`call_flow_element_id`) VALUES ('93498e23-18b9-4ea6-931d-50eee4917551');
INSERT INTO `message` (`call_flow_element_id`) VALUES ('936f7e67-65ea-45b1-a54b-88d66554008f');
INSERT INTO `message` (`call_flow_element_id`) VALUES ('a5942273-7d49-4de2-bd7d-eb45a94fef00');
INSERT INTO `message` (`call_flow_element_id`) VALUES ('02202a6f-9052-4876-bf4c-fe0878ae5e8d');



INSERT INTO `multiple_choice_question` (`call_flow_element_id`) VALUES ('02ae38da-2633-4ab2-b0e5-e9d911680130');
INSERT INTO `multiple_choice_question` (`call_flow_element_id`) VALUES ('231dec7e-c75f-4f2b-a78d-9ae64a71a970');
INSERT INTO `multiple_choice_question` (`call_flow_element_id`) VALUES ('2a6c726e-a8fe-43bf-b5ad-4a19a7d652a6');
INSERT INTO `multiple_choice_question` (`call_flow_element_id`) VALUES ('3c3b5173-4985-4b18-9ba4-5b10c51eee71');
INSERT INTO `multiple_choice_question` (`call_flow_element_id`) VALUES ('47664d5c-443b-4df7-b4d6-4794fa078e45');
INSERT INTO `multiple_choice_question` (`call_flow_element_id`) VALUES ('49c45d85-f0d0-4d30-ab37-100349d7aefc');
INSERT INTO `multiple_choice_question` (`call_flow_element_id`) VALUES ('6b3eebc1-c4f9-46a0-af54-a051927b6cb4');
INSERT INTO `multiple_choice_question` (`call_flow_element_id`) VALUES ('6f187818-428f-47e6-b661-cf94a463d732');
INSERT INTO `multiple_choice_question` (`call_flow_element_id`) VALUES ('77124324-7855-4baa-a664-6239f5f34668');
INSERT INTO `multiple_choice_question` (`call_flow_element_id`) VALUES ('a1c18a46-2589-41f4-99a3-e886e65bd6f6');
INSERT INTO `multiple_choice_question` (`call_flow_element_id`) VALUES ('b809c4fa-7382-4cd4-82c4-f6c1df25a0d3');
INSERT INTO `multiple_choice_question` (`call_flow_element_id`) VALUES ('bab30ee7-b4ed-466a-9646-bb5fa4635f86');
INSERT INTO `multiple_choice_question` (`call_flow_element_id`) VALUES ('dd5ae3c6-e987-4997-a62b-a56e3c8d574e');
INSERT INTO `multiple_choice_question` (`call_flow_element_id`) VALUES ('e587920d-13b1-45fb-8ce1-4d6d872fc211');
INSERT INTO `multiple_choice_question` (`call_flow_element_id`) VALUES ('f0dbdcc3-6c6d-4a1a-aa8c-b30707055565');
INSERT INTO `multiple_choice_question` (`call_flow_element_id`) VALUES ('01c6b4bd-1838-4b0c-ab70-bb7606837286');
INSERT INTO `multiple_choice_question` (`call_flow_element_id`) VALUES ('fd4e1a19-1997-4a0e-81ec-921feb5c4145');
INSERT INTO `multiple_choice_question` (`call_flow_element_id`) VALUES ('0481eb61-cde5-42ba-8ea6-629d70bfb3da');
INSERT INTO `multiple_choice_question` (`call_flow_element_id`) VALUES ('0d130fcb-7f60-452c-8c24-3121d5b54335');
INSERT INTO `multiple_choice_question` (`call_flow_element_id`) VALUES ('1732887a-352b-479e-8fba-81dfaf2b2b82');
INSERT INTO `multiple_choice_question` (`call_flow_element_id`) VALUES ('23d83b87-a0e9-4fad-b527-2b70c9158817');
INSERT INTO `multiple_choice_question` (`call_flow_element_id`) VALUES ('2c2fafa4-652e-4d78-a87f-9c53668afa34');
INSERT INTO `multiple_choice_question` (`call_flow_element_id`) VALUES ('2eea99f0-9899-492c-b64d-63c60bad792e');
INSERT INTO `multiple_choice_question` (`call_flow_element_id`) VALUES ('384c1e5c-9d38-441d-87ab-147e648d7217');
INSERT INTO `multiple_choice_question` (`call_flow_element_id`) VALUES ('3ce9b490-b2f8-4147-917f-b1e18fd339da');
INSERT INTO `multiple_choice_question` (`call_flow_element_id`) VALUES ('3e498211-7e3c-4d21-b66c-4d60b8777f69');
INSERT INTO `multiple_choice_question` (`call_flow_element_id`) VALUES ('3fb7e61e-1f6c-4a86-8ded-5ae540ad8904');
INSERT INTO `multiple_choice_question` (`call_flow_element_id`) VALUES ('4305ee0d-326a-410c-a84e-10ee7b84ae97');
INSERT INTO `multiple_choice_question` (`call_flow_element_id`) VALUES ('473beadf-52a1-446a-bd07-dafd038d06bb');
INSERT INTO `multiple_choice_question` (`call_flow_element_id`) VALUES ('4e748526-39de-4298-888d-1b6256d26711');
INSERT INTO `multiple_choice_question` (`call_flow_element_id`) VALUES ('52a65a92-bd03-40e3-ad61-a81614ec4f9e');
INSERT INTO `multiple_choice_question` (`call_flow_element_id`) VALUES ('031fb03d-841f-4747-bce9-b243705a1d2a');
INSERT INTO `multiple_choice_question` (`call_flow_element_id`) VALUES ('03af6f4b-2b56-4df8-9213-d373026db370');
INSERT INTO `multiple_choice_question` (`call_flow_element_id`) VALUES ('03f919d2-6fc8-4410-8f8a-8760a499f1bf');
INSERT INTO `multiple_choice_question` (`call_flow_element_id`) VALUES ('0698896c-f0ca-411b-852c-1785e7da68b9');
INSERT INTO `multiple_choice_question` (`call_flow_element_id`) VALUES ('06d45e16-ffc3-4d34-9a06-c5ec97accfde');
INSERT INTO `multiple_choice_question` (`call_flow_element_id`) VALUES ('0702d19a-e30f-4ea8-831d-d6a74aeb2ab5');
INSERT INTO `multiple_choice_question` (`call_flow_element_id`) VALUES ('0b1794d2-1984-456f-b858-77d24f643543');
INSERT INTO `multiple_choice_question` (`call_flow_element_id`) VALUES ('0b514593-7c0b-409b-834b-b6e6ce85e182');
INSERT INTO `multiple_choice_question` (`call_flow_element_id`) VALUES ('0bd58d2e-efff-418a-b1f6-809be93bf58a');
INSERT INTO `multiple_choice_question` (`call_flow_element_id`) VALUES ('872ad814-b78e-406f-8ce5-a29a21742b8f');
INSERT INTO `multiple_choice_question` (`call_flow_element_id`) VALUES ('8751db52-0930-449d-99fa-a71f1ead9978');
INSERT INTO `multiple_choice_question` (`call_flow_element_id`) VALUES ('87a3e3de-44e5-4351-83be-bd79efa8879b');
INSERT INTO `multiple_choice_question` (`call_flow_element_id`) VALUES ('894931ba-47d1-418b-874c-4b4c00306e9b');
INSERT INTO `multiple_choice_question` (`call_flow_element_id`) VALUES ('899d0548-cdfc-4148-90f0-1ce613d69259');


INSERT INTO `choice` (`id`,`created_date`,`updated_date`,`description`,`is_correct`,`ivr_name`,`question_id`,`choice_id`) VALUES ('c6bbda6a-6513-4ba1-92b6-05854e18539b','2018-02-24 13:48:38','2018-02-24 13:48:38',NULL,1,NULL,'031fb03d-841f-4747-bce9-b243705a1d2a',1);
INSERT INTO `choice` (`id`,`created_date`,`updated_date`,`description`,`is_correct`,`ivr_name`,`question_id`,`choice_id`) VALUES ('da6ce1e3-f8ae-422f-97dc-bcb22deb1588','2018-02-24 13:48:38','2018-02-24 13:48:38',NULL,0,NULL,'031fb03d-841f-4747-bce9-b243705a1d2a',2);
INSERT INTO `choice` (`id`,`created_date`,`updated_date`,`description`,`is_correct`,`ivr_name`,`question_id`,`choice_id`) VALUES ('002a06e7-db41-4327-afaf-ded0f88050b6','2018-02-24 13:48:38','2018-02-24 13:48:38',NULL,0,NULL,'031fb03d-841f-4747-bce9-b243705a1d2a',3);
INSERT INTO `choice` (`id`,`created_date`,`updated_date`,`description`,`is_correct`,`ivr_name`,`question_id`,`choice_id`) VALUES ('003653de-7301-4971-85c9-e0375ea224a0','2018-02-24 13:48:38','2018-02-24 13:48:38',NULL,0,NULL,'031fb03d-841f-4747-bce9-b243705a1d2a',4);

INSERT INTO `choice` (`id`,`created_date`,`updated_date`,`description`,`is_correct`,`ivr_name`,`question_id`,`choice_id`) VALUES ('00653c14-f6af-4eae-8585-5c8dfe3f0fdc','2018-02-24 13:48:38','2018-02-24 13:48:38',NULL,1,NULL,'03af6f4b-2b56-4df8-9213-d373026db370',1);
INSERT INTO `choice` (`id`,`created_date`,`updated_date`,`description`,`is_correct`,`ivr_name`,`question_id`,`choice_id`) VALUES ('009724f6-5a14-4409-8731-2d85d2109cf1','2018-02-24 13:48:38','2018-02-24 13:48:38',NULL,0,NULL,'03af6f4b-2b56-4df8-9213-d373026db370',2);
INSERT INTO `choice` (`id`,`created_date`,`updated_date`,`description`,`is_correct`,`ivr_name`,`question_id`,`choice_id`) VALUES ('00ca765d-8dd3-4c4b-b7fc-dc16c588f782','2018-02-24 13:48:38','2018-02-24 13:48:38',NULL,0,NULL,'03af6f4b-2b56-4df8-9213-d373026db370',3);
INSERT INTO `choice` (`id`,`created_date`,`updated_date`,`description`,`is_correct`,`ivr_name`,`question_id`,`choice_id`) VALUES ('013264bf-942d-4434-a43c-c46876e0c876','2018-02-24 13:48:38','2018-02-24 13:48:38',NULL,0,NULL,'03af6f4b-2b56-4df8-9213-d373026db370',4);

INSERT INTO `choice` (`id`,`created_date`,`updated_date`,`description`,`is_correct`,`ivr_name`,`question_id`,`choice_id`) VALUES ('01aec6f1-eb61-4c0b-ad44-c3d08668ef89','2018-02-24 13:48:38','2018-02-24 13:48:38',NULL,1,NULL,'03f919d2-6fc8-4410-8f8a-8760a499f1bf',1);
INSERT INTO `choice` (`id`,`created_date`,`updated_date`,`description`,`is_correct`,`ivr_name`,`question_id`,`choice_id`) VALUES ('01d445d3-2bf0-4550-9bb5-747237c958b0','2018-02-24 13:48:38','2018-02-24 13:48:38',NULL,0,NULL,'03f919d2-6fc8-4410-8f8a-8760a499f1bf',2);

INSERT INTO `choice` (`id`,`created_date`,`updated_date`,`description`,`is_correct`,`ivr_name`,`question_id`,`choice_id`) VALUES ('8e7ea35b-1131-4c90-81c2-2dc9545e5cd4','2018-03-28 12:01:18','2018-03-28 12:01:18',NULL,0,NULL,'3c3b5173-4985-4b18-9ba4-5b10c51eee71',2);
INSERT INTO `choice` (`id`,`created_date`,`updated_date`,`description`,`is_correct`,`ivr_name`,`question_id`,`choice_id`) VALUES ('98f1bf68-72aa-445a-a747-a65f94bb33ff','2018-03-28 12:01:18','2018-03-28 12:01:18',NULL,0,NULL,'3c3b5173-4985-4b18-9ba4-5b10c51eee71',3);
INSERT INTO `choice` (`id`,`created_date`,`updated_date`,`description`,`is_correct`,`ivr_name`,`question_id`,`choice_id`) VALUES ('9d023b90-6e1e-43ea-a2c7-ed3c9bdc39b2','2018-03-28 12:01:18','2018-03-28 12:01:18',NULL,0,NULL,'3c3b5173-4985-4b18-9ba4-5b10c51eee71',4);
INSERT INTO `choice` (`id`,`created_date`,`updated_date`,`description`,`is_correct`,`ivr_name`,`question_id`,`choice_id`) VALUES ('eceee7c6-6554-4532-9636-66f78e6c0a5f','2018-03-28 12:01:18','2018-03-28 12:01:18',NULL,1,NULL,'3c3b5173-4985-4b18-9ba4-5b10c51eee71',1);

INSERT INTO `choice` (`id`,`created_date`,`updated_date`,`description`,`is_correct`,`ivr_name`,`question_id`,`choice_id`) VALUES ('1b46aa92-3f21-45af-9325-3d36e5353dc3','2018-03-28 12:01:18','2018-03-28 12:01:18',NULL,1,NULL,'bab30ee7-b4ed-466a-9646-bb5fa4635f86',1);
INSERT INTO `choice` (`id`,`created_date`,`updated_date`,`description`,`is_correct`,`ivr_name`,`question_id`,`choice_id`) VALUES ('fa30699c-d16e-4339-b032-072fc10379dd','2018-03-28 12:01:18','2018-03-28 12:01:18',NULL,0,NULL,'bab30ee7-b4ed-466a-9646-bb5fa4635f86',2);

INSERT INTO `choice` (`id`,`created_date`,`updated_date`,`description`,`is_correct`,`ivr_name`,`question_id`,`choice_id`) VALUES ('057ef1b6-f2c6-4706-90e2-c2c86c519da8','2018-03-28 14:04:30','2018-03-28 14:04:30',NULL,1,NULL,'6b3eebc1-c4f9-46a0-af54-a051927b6cb4',2);
INSERT INTO `choice` (`id`,`created_date`,`updated_date`,`description`,`is_correct`,`ivr_name`,`question_id`,`choice_id`) VALUES ('0749237b-088e-4f38-9e5d-ed508504a0ec','2018-03-28 14:04:30','2018-03-28 14:04:30',NULL,0,NULL,'77124324-7855-4baa-a664-6239f5f34668',2);
INSERT INTO `choice` (`id`,`created_date`,`updated_date`,`description`,`is_correct`,`ivr_name`,`question_id`,`choice_id`) VALUES ('0cbaa7b3-a066-4246-8ee4-84a640a02367','2018-03-28 14:04:30','2018-03-28 14:04:30',NULL,1,NULL,'dd5ae3c6-e987-4997-a62b-a56e3c8d574e',1);
INSERT INTO `choice` (`id`,`created_date`,`updated_date`,`description`,`is_correct`,`ivr_name`,`question_id`,`choice_id`) VALUES ('0d28103c-c899-4568-a777-0be007dab4cf','2018-03-28 14:04:30','2018-03-28 14:04:30',NULL,0,NULL,'0b1794d2-1984-456f-b858-77d24f643543',2);
INSERT INTO `choice` (`id`,`created_date`,`updated_date`,`description`,`is_correct`,`ivr_name`,`question_id`,`choice_id`) VALUES ('113ef725-6313-4098-8835-6043df64fc18','2018-03-28 14:04:30','2018-03-28 14:04:30',NULL,0,NULL,'0481eb61-cde5-42ba-8ea6-629d70bfb3da',3);
INSERT INTO `choice` (`id`,`created_date`,`updated_date`,`description`,`is_correct`,`ivr_name`,`question_id`,`choice_id`) VALUES ('12da1a02-3d23-49d6-9dd9-7e6a33cb7317','2018-03-28 14:04:30','2018-03-28 14:04:30',NULL,0,NULL,'87a3e3de-44e5-4351-83be-bd79efa8879b',2);
INSERT INTO `choice` (`id`,`created_date`,`updated_date`,`description`,`is_correct`,`ivr_name`,`question_id`,`choice_id`) VALUES ('14bdb403-03bf-4a3e-afc5-8051eac9e816','2018-03-28 14:04:30','2018-03-28 14:04:30',NULL,1,NULL,'3ce9b490-b2f8-4147-917f-b1e18fd339da',1);
INSERT INTO `choice` (`id`,`created_date`,`updated_date`,`description`,`is_correct`,`ivr_name`,`question_id`,`choice_id`) VALUES ('14f06f5a-1cf3-45c2-a646-6e860c730be4','2018-03-28 14:04:30','2018-03-28 14:04:30',NULL,0,NULL,'894931ba-47d1-418b-874c-4b4c00306e9b',2);
INSERT INTO `choice` (`id`,`created_date`,`updated_date`,`description`,`is_correct`,`ivr_name`,`question_id`,`choice_id`) VALUES ('17453f69-0ac3-4d8a-a8b0-889b64af3332','2018-03-28 14:04:30','2018-03-28 14:04:30',NULL,1,NULL,'4e748526-39de-4298-888d-1b6256d26711',1);
INSERT INTO `choice` (`id`,`created_date`,`updated_date`,`description`,`is_correct`,`ivr_name`,`question_id`,`choice_id`) VALUES ('18d43292-ad01-4cdc-b549-984873e831d1','2018-03-28 14:04:30','2018-03-28 14:04:30',NULL,0,NULL,'2c2fafa4-652e-4d78-a87f-9c53668afa34',2);
INSERT INTO `choice` (`id`,`created_date`,`updated_date`,`description`,`is_correct`,`ivr_name`,`question_id`,`choice_id`) VALUES ('1c30e06d-b3af-48ca-b000-b97d3e0e21d0','2018-03-28 14:04:30','2018-03-28 14:04:30',NULL,0,NULL,'0702d19a-e30f-4ea8-831d-d6a74aeb2ab5',1);
INSERT INTO `choice` (`id`,`created_date`,`updated_date`,`description`,`is_correct`,`ivr_name`,`question_id`,`choice_id`) VALUES ('1d00d3ef-b773-4442-a2cb-3dd8a8d50732','2018-03-28 14:04:30','2018-03-28 14:04:30',NULL,1,NULL,'1732887a-352b-479e-8fba-81dfaf2b2b82',1);
INSERT INTO `choice` (`id`,`created_date`,`updated_date`,`description`,`is_correct`,`ivr_name`,`question_id`,`choice_id`) VALUES ('1db5e1e8-cf02-4f1c-917b-54ce60e236c1','2018-03-28 14:04:30','2018-03-28 14:04:30',NULL,1,NULL,'a1c18a46-2589-41f4-99a3-e886e65bd6f6',1);
INSERT INTO `choice` (`id`,`created_date`,`updated_date`,`description`,`is_correct`,`ivr_name`,`question_id`,`choice_id`) VALUES ('1f88ed01-a95b-4dcc-aae7-6743dec170d1','2018-03-28 14:04:30','2018-03-28 14:04:30',NULL,0,NULL,'4305ee0d-326a-410c-a84e-10ee7b84ae97',2);
INSERT INTO `choice` (`id`,`created_date`,`updated_date`,`description`,`is_correct`,`ivr_name`,`question_id`,`choice_id`) VALUES ('1fb77e14-b28c-4e8a-a0bb-42d3f714218e','2018-03-28 14:04:30','2018-03-28 14:04:30',NULL,0,NULL,'06d45e16-ffc3-4d34-9a06-c5ec97accfde',2);
INSERT INTO `choice` (`id`,`created_date`,`updated_date`,`description`,`is_correct`,`ivr_name`,`question_id`,`choice_id`) VALUES ('2587b87d-2a2b-47f6-9c1a-c99039422c1c','2018-03-28 14:04:30','2018-03-28 14:04:30',NULL,0,NULL,'47664d5c-443b-4df7-b4d6-4794fa078e45',1);
INSERT INTO `choice` (`id`,`created_date`,`updated_date`,`description`,`is_correct`,`ivr_name`,`question_id`,`choice_id`) VALUES ('26e008d1-f10b-4126-b7ff-bb8033d992e2','2018-03-28 14:04:30','2018-03-28 14:04:30',NULL,0,NULL,'2eea99f0-9899-492c-b64d-63c60bad792e',2);
INSERT INTO `choice` (`id`,`created_date`,`updated_date`,`description`,`is_correct`,`ivr_name`,`question_id`,`choice_id`) VALUES ('289de7eb-26d7-4405-899e-dfdc36d521a1','2018-03-28 14:04:30','2018-03-28 14:04:30',NULL,0,NULL,'2eea99f0-9899-492c-b64d-63c60bad792e',3);
INSERT INTO `choice` (`id`,`created_date`,`updated_date`,`description`,`is_correct`,`ivr_name`,`question_id`,`choice_id`) VALUES ('28d97c6b-ff8c-4dd8-97b5-6a64a3482382','2018-03-28 14:04:30','2018-03-28 14:04:30',NULL,0,NULL,'0481eb61-cde5-42ba-8ea6-629d70bfb3da',2);
INSERT INTO `choice` (`id`,`created_date`,`updated_date`,`description`,`is_correct`,`ivr_name`,`question_id`,`choice_id`) VALUES ('2b1deef5-ca2f-430d-b90c-c6e2057df891','2018-03-28 14:04:30','2018-03-28 14:04:30',NULL,0,NULL,'01c6b4bd-1838-4b0c-ab70-bb7606837286',2);
INSERT INTO `choice` (`id`,`created_date`,`updated_date`,`description`,`is_correct`,`ivr_name`,`question_id`,`choice_id`) VALUES ('2d6448ac-6878-4e4d-af3d-5d33079f935c','2018-03-28 14:04:30','2018-03-28 14:04:30',NULL,0,NULL,'06d45e16-ffc3-4d34-9a06-c5ec97accfde',1);
INSERT INTO `choice` (`id`,`created_date`,`updated_date`,`description`,`is_correct`,`ivr_name`,`question_id`,`choice_id`) VALUES ('34b89616-68a0-4b39-9987-72497ed9d971','2018-03-28 14:04:30','2018-03-28 14:04:30',NULL,0,NULL,'1732887a-352b-479e-8fba-81dfaf2b2b82',3);
INSERT INTO `choice` (`id`,`created_date`,`updated_date`,`description`,`is_correct`,`ivr_name`,`question_id`,`choice_id`) VALUES ('34e3bed5-503f-4fea-89f1-54e8fe5a53bb','2018-03-28 14:04:30','2018-03-28 14:04:30',NULL,0,NULL,'384c1e5c-9d38-441d-87ab-147e648d7217',2);
INSERT INTO `choice` (`id`,`created_date`,`updated_date`,`description`,`is_correct`,`ivr_name`,`question_id`,`choice_id`) VALUES ('35737002-a881-4585-93e5-70f2624b1204','2018-03-28 14:04:30','2018-03-28 14:04:30',NULL,0,NULL,'dd5ae3c6-e987-4997-a62b-a56e3c8d574e',2);
INSERT INTO `choice` (`id`,`created_date`,`updated_date`,`description`,`is_correct`,`ivr_name`,`question_id`,`choice_id`) VALUES ('384aca4a-455b-4fbb-9d99-65292e46daf0','2018-03-28 14:04:30','2018-03-28 14:04:30',NULL,0,NULL,'23d83b87-a0e9-4fad-b527-2b70c9158817',2);
INSERT INTO `choice` (`id`,`created_date`,`updated_date`,`description`,`is_correct`,`ivr_name`,`question_id`,`choice_id`) VALUES ('3b3877c5-198b-41c9-8749-1c1931bf4cd8','2018-03-28 14:04:30','2018-03-28 14:04:30',NULL,0,NULL,'a1c18a46-2589-41f4-99a3-e886e65bd6f6',2);
INSERT INTO `choice` (`id`,`created_date`,`updated_date`,`description`,`is_correct`,`ivr_name`,`question_id`,`choice_id`) VALUES ('3de31f8a-7bdd-4b20-901d-cc2765f4a066','2018-03-28 14:04:30','2018-03-28 14:04:30',NULL,0,NULL,'01c6b4bd-1838-4b0c-ab70-bb7606837286',3);
INSERT INTO `choice` (`id`,`created_date`,`updated_date`,`description`,`is_correct`,`ivr_name`,`question_id`,`choice_id`) VALUES ('3f203833-ce77-4683-9b8e-bc25e48b1edd','2018-03-28 14:04:30','2018-03-28 14:04:30',NULL,1,NULL,'47664d5c-443b-4df7-b4d6-4794fa078e45',3);
INSERT INTO `choice` (`id`,`created_date`,`updated_date`,`description`,`is_correct`,`ivr_name`,`question_id`,`choice_id`) VALUES ('43966487-11c7-47d1-9cbb-9c1fea1c8353','2018-03-28 14:04:30','2018-03-28 14:04:30',NULL,0,NULL,'3e498211-7e3c-4d21-b66c-4d60b8777f69',3);
INSERT INTO `choice` (`id`,`created_date`,`updated_date`,`description`,`is_correct`,`ivr_name`,`question_id`,`choice_id`) VALUES ('449368d3-f47b-45f0-b3b8-8268804624b6','2018-03-28 14:04:30','2018-03-28 14:04:30',NULL,0,NULL,'3e498211-7e3c-4d21-b66c-4d60b8777f69',2);
INSERT INTO `choice` (`id`,`created_date`,`updated_date`,`description`,`is_correct`,`ivr_name`,`question_id`,`choice_id`) VALUES ('478be371-9b84-47e2-aa5e-7aed2b3c59a8','2018-03-28 14:04:30','2018-03-28 14:04:30',NULL,1,NULL,'01c6b4bd-1838-4b0c-ab70-bb7606837286',1);
INSERT INTO `choice` (`id`,`created_date`,`updated_date`,`description`,`is_correct`,`ivr_name`,`question_id`,`choice_id`) VALUES ('49fdde0a-27d4-4fb0-bb78-3f28250c2db6','2018-03-28 14:04:30','2018-03-28 14:04:30',NULL,0,NULL,'872ad814-b78e-406f-8ce5-a29a21742b8f',1);
INSERT INTO `choice` (`id`,`created_date`,`updated_date`,`description`,`is_correct`,`ivr_name`,`question_id`,`choice_id`) VALUES ('4b734b2c-6304-461b-9edb-47d728c24921','2018-03-28 14:04:30','2018-03-28 14:04:30',NULL,0,NULL,'0698896c-f0ca-411b-852c-1785e7da68b9',3);
INSERT INTO `choice` (`id`,`created_date`,`updated_date`,`description`,`is_correct`,`ivr_name`,`question_id`,`choice_id`) VALUES ('52cf8caf-62a2-4803-a11e-adeb73a9a3e6','2018-03-28 14:04:30','2018-03-28 14:04:30',NULL,1,NULL,'2c2fafa4-652e-4d78-a87f-9c53668afa34',1);
INSERT INTO `choice` (`id`,`created_date`,`updated_date`,`description`,`is_correct`,`ivr_name`,`question_id`,`choice_id`) VALUES ('54dd266a-6f24-4c0b-a7f7-2d46932b9cb2','2018-03-28 14:04:30','2018-03-28 14:04:30',NULL,1,NULL,'3fb7e61e-1f6c-4a86-8ded-5ae540ad8904',1);
INSERT INTO `choice` (`id`,`created_date`,`updated_date`,`description`,`is_correct`,`ivr_name`,`question_id`,`choice_id`) VALUES ('5800597a-c845-4ff2-b360-83244b0aa6bc','2018-03-28 14:04:30','2018-03-28 14:04:30',NULL,1,NULL,'6f187818-428f-47e6-b661-cf94a463d732',1);
INSERT INTO `choice` (`id`,`created_date`,`updated_date`,`description`,`is_correct`,`ivr_name`,`question_id`,`choice_id`) VALUES ('5c952a5e-f639-4bce-8fa5-7cbe3693a1af','2018-03-28 14:04:30','2018-03-28 14:04:30',NULL,0,NULL,'e587920d-13b1-45fb-8ce1-4d6d872fc211',3);
INSERT INTO `choice` (`id`,`created_date`,`updated_date`,`description`,`is_correct`,`ivr_name`,`question_id`,`choice_id`) VALUES ('607a5ae2-7e0f-4190-837e-c53145047ed5','2018-03-28 14:04:30','2018-03-28 14:04:30',NULL,0,NULL,'49c45d85-f0d0-4d30-ab37-100349d7aefc',3);
INSERT INTO `choice` (`id`,`created_date`,`updated_date`,`description`,`is_correct`,`ivr_name`,`question_id`,`choice_id`) VALUES ('60ca3521-4698-4414-bc53-008ece683e8d','2018-03-28 14:04:30','2018-03-28 14:04:30',NULL,0,NULL,'473beadf-52a1-446a-bd07-dafd038d06bb',2);
INSERT INTO `choice` (`id`,`created_date`,`updated_date`,`description`,`is_correct`,`ivr_name`,`question_id`,`choice_id`) VALUES ('665ba03c-ffd6-40ab-89c1-c54206e4bac7','2018-03-28 14:04:30','2018-03-28 14:04:30',NULL,0,NULL,'0698896c-f0ca-411b-852c-1785e7da68b9',1);
INSERT INTO `choice` (`id`,`created_date`,`updated_date`,`description`,`is_correct`,`ivr_name`,`question_id`,`choice_id`) VALUES ('682e4c78-cf10-4a78-acd0-f46d06313955','2018-03-28 14:04:30','2018-03-28 14:04:30',NULL,1,NULL,'0702d19a-e30f-4ea8-831d-d6a74aeb2ab5',3);
INSERT INTO `choice` (`id`,`created_date`,`updated_date`,`description`,`is_correct`,`ivr_name`,`question_id`,`choice_id`) VALUES ('717f7cd7-3900-466d-bfd0-4e7737bdf239','2018-03-28 14:04:30','2018-03-28 14:04:30',NULL,0,NULL,'dd5ae3c6-e987-4997-a62b-a56e3c8d574e',3);
INSERT INTO `choice` (`id`,`created_date`,`updated_date`,`description`,`is_correct`,`ivr_name`,`question_id`,`choice_id`) VALUES ('7697b5c2-7bad-4337-a1e4-e26a9021f4aa','2018-03-28 14:04:30','2018-03-28 14:04:30',NULL,1,NULL,'894931ba-47d1-418b-874c-4b4c00306e9b',1);
INSERT INTO `choice` (`id`,`created_date`,`updated_date`,`description`,`is_correct`,`ivr_name`,`question_id`,`choice_id`) VALUES ('77da211d-03da-4287-be33-e9fcc865a517','2018-03-28 14:04:30','2018-03-28 14:04:30',NULL,1,NULL,'384c1e5c-9d38-441d-87ab-147e648d7217',1);
INSERT INTO `choice` (`id`,`created_date`,`updated_date`,`description`,`is_correct`,`ivr_name`,`question_id`,`choice_id`) VALUES ('792c80aa-5ce2-4a18-a1b5-3d4903404e18','2018-03-28 14:04:30','2018-03-28 14:04:30',NULL,0,NULL,'4e748526-39de-4298-888d-1b6256d26711',3);
INSERT INTO `choice` (`id`,`created_date`,`updated_date`,`description`,`is_correct`,`ivr_name`,`question_id`,`choice_id`) VALUES ('810c25ad-94cc-4de1-b3f0-87d53f89ba2e','2018-03-28 14:04:30','2018-03-28 14:04:30',NULL,1,NULL,'0b514593-7c0b-409b-834b-b6e6ce85e182',1);
INSERT INTO `choice` (`id`,`created_date`,`updated_date`,`description`,`is_correct`,`ivr_name`,`question_id`,`choice_id`) VALUES ('83c8af7a-3757-481f-a21f-d1ab888de99a','2018-03-28 14:04:30','2018-03-28 14:04:30',NULL,0,NULL,'52a65a92-bd03-40e3-ad61-a81614ec4f9e',2);
INSERT INTO `choice` (`id`,`created_date`,`updated_date`,`description`,`is_correct`,`ivr_name`,`question_id`,`choice_id`) VALUES ('86593bbb-b4cb-4850-9b3c-b7f81fd344fe','2018-03-28 14:04:30','2018-03-28 14:04:30',NULL,1,NULL,'87a3e3de-44e5-4351-83be-bd79efa8879b',3);
INSERT INTO `choice` (`id`,`created_date`,`updated_date`,`description`,`is_correct`,`ivr_name`,`question_id`,`choice_id`) VALUES ('8676af24-e5ca-4aed-bb5a-cf3348d0660c','2018-03-28 14:04:30','2018-03-28 14:04:30',NULL,1,NULL,'23d83b87-a0e9-4fad-b527-2b70c9158817',1);
INSERT INTO `choice` (`id`,`created_date`,`updated_date`,`description`,`is_correct`,`ivr_name`,`question_id`,`choice_id`) VALUES ('908aae92-ee59-4c02-a29f-f37954ac5555','2018-03-28 14:04:30','2018-03-28 14:04:30',NULL,1,NULL,'fd4e1a19-1997-4a0e-81ec-921feb5c4145',1);
INSERT INTO `choice` (`id`,`created_date`,`updated_date`,`description`,`is_correct`,`ivr_name`,`question_id`,`choice_id`) VALUES ('935d1ee1-53bb-4f55-90e0-2c47542216ae','2018-03-28 14:04:30','2018-03-28 14:04:30',NULL,0,NULL,'899d0548-cdfc-4148-90f0-1ce613d69259',2);
INSERT INTO `choice` (`id`,`created_date`,`updated_date`,`description`,`is_correct`,`ivr_name`,`question_id`,`choice_id`) VALUES ('96b11540-ee46-441c-8d79-d78bccc3972a','2018-03-28 14:04:30','2018-03-28 14:04:30',NULL,0,NULL,'0702d19a-e30f-4ea8-831d-d6a74aeb2ab5',2);
INSERT INTO `choice` (`id`,`created_date`,`updated_date`,`description`,`is_correct`,`ivr_name`,`question_id`,`choice_id`) VALUES ('981d07a7-4a97-4fef-a1a9-effd91e5df04','2018-03-28 14:04:30','2018-03-28 14:04:30',NULL,0,NULL,'fd4e1a19-1997-4a0e-81ec-921feb5c4145',2);
INSERT INTO `choice` (`id`,`created_date`,`updated_date`,`description`,`is_correct`,`ivr_name`,`question_id`,`choice_id`) VALUES ('9a166686-21d3-413d-9eaf-882eee974f33','2018-03-28 14:04:30','2018-03-28 14:04:30',NULL,0,NULL,'3ce9b490-b2f8-4147-917f-b1e18fd339da',2);
INSERT INTO `choice` (`id`,`created_date`,`updated_date`,`description`,`is_correct`,`ivr_name`,`question_id`,`choice_id`) VALUES ('9a22565a-f16f-4dc9-ad17-073217bae965','2018-03-28 14:04:30','2018-03-28 14:04:30',NULL,1,NULL,'899d0548-cdfc-4148-90f0-1ce613d69259',3);
INSERT INTO `choice` (`id`,`created_date`,`updated_date`,`description`,`is_correct`,`ivr_name`,`question_id`,`choice_id`) VALUES ('9d51856f-fa95-45b6-82cd-a4a0fdc861fb','2018-03-28 14:04:30','2018-03-28 14:04:30',NULL,1,NULL,'0481eb61-cde5-42ba-8ea6-629d70bfb3da',1);
INSERT INTO `choice` (`id`,`created_date`,`updated_date`,`description`,`is_correct`,`ivr_name`,`question_id`,`choice_id`) VALUES ('a287dae2-657c-4781-b6e4-15423a0ac294','2018-03-28 14:04:30','2018-03-28 14:04:30',NULL,0,NULL,'b809c4fa-7382-4cd4-82c4-f6c1df25a0d3',2);
INSERT INTO `choice` (`id`,`created_date`,`updated_date`,`description`,`is_correct`,`ivr_name`,`question_id`,`choice_id`) VALUES ('a46b750a-1d8b-4623-9a31-3e182ae68dbb','2018-03-28 14:04:30','2018-03-28 14:04:30',NULL,1,NULL,'52a65a92-bd03-40e3-ad61-a81614ec4f9e',3);
INSERT INTO `choice` (`id`,`created_date`,`updated_date`,`description`,`is_correct`,`ivr_name`,`question_id`,`choice_id`) VALUES ('aa0ad341-660e-4cdb-a5a0-4eaa080cf687','2018-03-28 14:04:30','2018-03-28 14:04:30',NULL,1,NULL,'872ad814-b78e-406f-8ce5-a29a21742b8f',2);
INSERT INTO `choice` (`id`,`created_date`,`updated_date`,`description`,`is_correct`,`ivr_name`,`question_id`,`choice_id`) VALUES ('ab4b393b-8aaa-4316-a394-49f7211c7390','2018-03-28 14:04:30','2018-03-28 14:04:30',NULL,0,NULL,'4e748526-39de-4298-888d-1b6256d26711',2);
INSERT INTO `choice` (`id`,`created_date`,`updated_date`,`description`,`is_correct`,`ivr_name`,`question_id`,`choice_id`) VALUES ('ab83573a-8a75-4174-af16-45269049d773','2018-03-28 14:04:30','2018-03-28 14:04:30',NULL,0,NULL,'6f187818-428f-47e6-b661-cf94a463d732',2);
INSERT INTO `choice` (`id`,`created_date`,`updated_date`,`description`,`is_correct`,`ivr_name`,`question_id`,`choice_id`) VALUES ('b3f37508-008e-4911-8156-1c18b81e9743','2018-03-28 14:04:30','2018-03-28 14:04:30',NULL,0,NULL,'0d130fcb-7f60-452c-8c24-3121d5b54335',2);
INSERT INTO `choice` (`id`,`created_date`,`updated_date`,`description`,`is_correct`,`ivr_name`,`question_id`,`choice_id`) VALUES ('b51c8440-a893-43d5-849f-88aa8039dec1','2018-03-28 14:04:30','2018-03-28 14:04:30',NULL,0,NULL,'6b3eebc1-c4f9-46a0-af54-a051927b6cb4',1);
INSERT INTO `choice` (`id`,`created_date`,`updated_date`,`description`,`is_correct`,`ivr_name`,`question_id`,`choice_id`) VALUES ('b8b7f6a3-42aa-4e4f-af20-12cbcf1576f3','2018-03-28 14:04:30','2018-03-28 14:04:30',NULL,1,NULL,'0698896c-f0ca-411b-852c-1785e7da68b9',2);
INSERT INTO `choice` (`id`,`created_date`,`updated_date`,`description`,`is_correct`,`ivr_name`,`question_id`,`choice_id`) VALUES ('ba34d3bf-a8a4-4ef5-a080-07d6ef799954','2018-03-28 14:04:30','2018-03-28 14:04:30',NULL,1,NULL,'2eea99f0-9899-492c-b64d-63c60bad792e',1);
INSERT INTO `choice` (`id`,`created_date`,`updated_date`,`description`,`is_correct`,`ivr_name`,`question_id`,`choice_id`) VALUES ('bb520d69-5307-4493-ae44-848db55b614a','2018-03-28 14:04:30','2018-03-28 14:04:30',NULL,0,NULL,'2a6c726e-a8fe-43bf-b5ad-4a19a7d652a6',2);
INSERT INTO `choice` (`id`,`created_date`,`updated_date`,`description`,`is_correct`,`ivr_name`,`question_id`,`choice_id`) VALUES ('bd1f9181-548c-42a1-9b22-d5dcf948c130','2018-03-28 14:04:30','2018-03-28 14:04:30',NULL,0,NULL,'8751db52-0930-449d-99fa-a71f1ead9978',3);
INSERT INTO `choice` (`id`,`created_date`,`updated_date`,`description`,`is_correct`,`ivr_name`,`question_id`,`choice_id`) VALUES ('be9bdc5b-2095-4118-ad69-e1da92bedf93','2018-03-28 14:04:30','2018-03-28 14:04:30',NULL,0,NULL,'1732887a-352b-479e-8fba-81dfaf2b2b82',2);
INSERT INTO `choice` (`id`,`created_date`,`updated_date`,`description`,`is_correct`,`ivr_name`,`question_id`,`choice_id`) VALUES ('c068fada-8f85-41df-a25b-341caff73dee','2018-03-28 14:04:30','2018-03-28 14:04:30',NULL,0,NULL,'77124324-7855-4baa-a664-6239f5f34668',1);
INSERT INTO `choice` (`id`,`created_date`,`updated_date`,`description`,`is_correct`,`ivr_name`,`question_id`,`choice_id`) VALUES ('c633b8dc-cf2e-4ccb-9420-aedb6e9ddc54','2018-03-28 14:04:30','2018-03-28 14:04:30',NULL,1,NULL,'77124324-7855-4baa-a664-6239f5f34668',3);
INSERT INTO `choice` (`id`,`created_date`,`updated_date`,`description`,`is_correct`,`ivr_name`,`question_id`,`choice_id`) VALUES ('c76b5f44-3d97-4a5c-8250-13eeaa220d70','2018-03-28 14:04:30','2018-03-28 14:04:30',NULL,1,NULL,'02ae38da-2633-4ab2-b0e5-e9d911680130',1);
INSERT INTO `choice` (`id`,`created_date`,`updated_date`,`description`,`is_correct`,`ivr_name`,`question_id`,`choice_id`) VALUES ('c76c4833-ce92-42da-8495-9b0a32677ad2','2018-03-28 14:04:30','2018-03-28 14:04:30',NULL,0,NULL,'a1c18a46-2589-41f4-99a3-e886e65bd6f6',3);
INSERT INTO `choice` (`id`,`created_date`,`updated_date`,`description`,`is_correct`,`ivr_name`,`question_id`,`choice_id`) VALUES ('c871c7d9-46f5-438b-bbd5-6002ba7e437a','2018-03-28 14:04:30','2018-03-28 14:04:30',NULL,0,NULL,'52a65a92-bd03-40e3-ad61-a81614ec4f9e',1);
INSERT INTO `choice` (`id`,`created_date`,`updated_date`,`description`,`is_correct`,`ivr_name`,`question_id`,`choice_id`) VALUES ('c9754ba0-276b-423e-b50d-fbd4831e4ecc','2018-03-28 14:04:30','2018-03-28 14:04:30',NULL,0,NULL,'231dec7e-c75f-4f2b-a78d-9ae64a71a970',2);
INSERT INTO `choice` (`id`,`created_date`,`updated_date`,`description`,`is_correct`,`ivr_name`,`question_id`,`choice_id`) VALUES ('cb44fb2e-88d8-4375-9bf7-aff991543a55','2018-03-28 14:04:30','2018-03-28 14:04:30',NULL,1,NULL,'8751db52-0930-449d-99fa-a71f1ead9978',2);
INSERT INTO `choice` (`id`,`created_date`,`updated_date`,`description`,`is_correct`,`ivr_name`,`question_id`,`choice_id`) VALUES ('cb744c35-5c2d-4b93-afac-a1e3bbb01512','2018-03-28 14:04:30','2018-03-28 14:04:30',NULL,1,NULL,'4305ee0d-326a-410c-a84e-10ee7b84ae97',1);
INSERT INTO `choice` (`id`,`created_date`,`updated_date`,`description`,`is_correct`,`ivr_name`,`question_id`,`choice_id`) VALUES ('cb74f2cd-572d-4f02-aeef-5c51fd85b62a','2018-03-28 14:04:30','2018-03-28 14:04:30',NULL,1,NULL,'e587920d-13b1-45fb-8ce1-4d6d872fc211',1);
INSERT INTO `choice` (`id`,`created_date`,`updated_date`,`description`,`is_correct`,`ivr_name`,`question_id`,`choice_id`) VALUES ('cd541fdc-f200-43cf-b5b3-bca5e22979a4','2018-03-28 14:04:30','2018-03-28 14:04:30',NULL,0,NULL,'49c45d85-f0d0-4d30-ab37-100349d7aefc',2);
INSERT INTO `choice` (`id`,`created_date`,`updated_date`,`description`,`is_correct`,`ivr_name`,`question_id`,`choice_id`) VALUES ('ce809744-4c2b-447a-9416-7e30dd389b6c','2018-03-28 14:04:30','2018-03-28 14:04:30',NULL,0,NULL,'3fb7e61e-1f6c-4a86-8ded-5ae540ad8904',2);
INSERT INTO `choice` (`id`,`created_date`,`updated_date`,`description`,`is_correct`,`ivr_name`,`question_id`,`choice_id`) VALUES ('ceb6a452-8960-4d0b-a107-0495fd9b3f47','2018-03-28 14:04:30','2018-03-28 14:04:30',NULL,0,NULL,'3fb7e61e-1f6c-4a86-8ded-5ae540ad8904',3);
INSERT INTO `choice` (`id`,`created_date`,`updated_date`,`description`,`is_correct`,`ivr_name`,`question_id`,`choice_id`) VALUES ('cec2d7fa-73b2-4ac7-b170-4c9eee56333d','2018-03-28 14:04:30','2018-03-28 14:04:30',NULL,0,NULL,'0bd58d2e-efff-418a-b1f6-809be93bf58a',3);
INSERT INTO `choice` (`id`,`created_date`,`updated_date`,`description`,`is_correct`,`ivr_name`,`question_id`,`choice_id`) VALUES ('cec4ad4c-5687-45ee-be7f-5819bbb0ab69','2018-03-28 14:04:30','2018-03-28 14:04:30',NULL,1,NULL,'231dec7e-c75f-4f2b-a78d-9ae64a71a970',1);
INSERT INTO `choice` (`id`,`created_date`,`updated_date`,`description`,`is_correct`,`ivr_name`,`question_id`,`choice_id`) VALUES ('cf02c86c-015b-4297-a8a7-f7ca94a8eedf','2018-03-28 14:04:30','2018-03-28 14:04:30',NULL,0,NULL,'fd4e1a19-1997-4a0e-81ec-921feb5c4145',3);
INSERT INTO `choice` (`id`,`created_date`,`updated_date`,`description`,`is_correct`,`ivr_name`,`question_id`,`choice_id`) VALUES ('d3c07413-c44f-48ff-a021-cfe8da48d727','2018-03-28 14:04:30','2018-03-28 14:04:30',NULL,0,NULL,'87a3e3de-44e5-4351-83be-bd79efa8879b',1);
INSERT INTO `choice` (`id`,`created_date`,`updated_date`,`description`,`is_correct`,`ivr_name`,`question_id`,`choice_id`) VALUES ('d3fabdda-ab3f-4ac3-b88f-e5d714350b20','2018-03-28 14:04:30','2018-03-28 14:04:30',NULL,0,NULL,'47664d5c-443b-4df7-b4d6-4794fa078e45',2);
INSERT INTO `choice` (`id`,`created_date`,`updated_date`,`description`,`is_correct`,`ivr_name`,`question_id`,`choice_id`) VALUES ('d4155675-2add-4479-8826-810e795aa174','2018-03-28 14:04:30','2018-03-28 14:04:30',NULL,0,NULL,'f0dbdcc3-6c6d-4a1a-aa8c-b30707055565',2);
INSERT INTO `choice` (`id`,`created_date`,`updated_date`,`description`,`is_correct`,`ivr_name`,`question_id`,`choice_id`) VALUES ('d47df772-cce0-4a5c-9be0-28883b4e0a54','2018-03-28 14:04:30','2018-03-28 14:04:30',NULL,1,NULL,'06d45e16-ffc3-4d34-9a06-c5ec97accfde',3);
INSERT INTO `choice` (`id`,`created_date`,`updated_date`,`description`,`is_correct`,`ivr_name`,`question_id`,`choice_id`) VALUES ('d58bb27e-bc65-44f6-9fce-510637b1c2f1','2018-03-28 14:04:30','2018-03-28 14:04:30',NULL,1,NULL,'0b1794d2-1984-456f-b858-77d24f643543',3);
INSERT INTO `choice` (`id`,`created_date`,`updated_date`,`description`,`is_correct`,`ivr_name`,`question_id`,`choice_id`) VALUES ('d5bc3a98-cabe-4453-a36c-cfdbb80d0ff6','2018-03-28 14:04:30','2018-03-28 14:04:30',NULL,0,NULL,'e587920d-13b1-45fb-8ce1-4d6d872fc211',2);
INSERT INTO `choice` (`id`,`created_date`,`updated_date`,`description`,`is_correct`,`ivr_name`,`question_id`,`choice_id`) VALUES ('d6c05640-59b0-4ece-9f05-79e5aa08c36b','2018-03-28 14:04:30','2018-03-28 14:04:30',NULL,1,NULL,'49c45d85-f0d0-4d30-ab37-100349d7aefc',1);
INSERT INTO `choice` (`id`,`created_date`,`updated_date`,`description`,`is_correct`,`ivr_name`,`question_id`,`choice_id`) VALUES ('d7a949af-b8ab-43bb-be32-8de4c034021b','2018-03-28 14:04:30','2018-03-28 14:04:30',NULL,1,NULL,'0d130fcb-7f60-452c-8c24-3121d5b54335',1);
INSERT INTO `choice` (`id`,`created_date`,`updated_date`,`description`,`is_correct`,`ivr_name`,`question_id`,`choice_id`) VALUES ('d84601a4-23fe-4538-951c-2dc929ad2816','2018-03-28 14:04:30','2018-03-28 14:04:30',NULL,0,NULL,'4305ee0d-326a-410c-a84e-10ee7b84ae97',3);
INSERT INTO `choice` (`id`,`created_date`,`updated_date`,`description`,`is_correct`,`ivr_name`,`question_id`,`choice_id`) VALUES ('dcaa7580-ff3c-409f-b8df-cd8d10d74d09','2018-03-28 14:04:30','2018-03-28 14:04:30',NULL,0,NULL,'2c2fafa4-652e-4d78-a87f-9c53668afa34',3);
INSERT INTO `choice` (`id`,`created_date`,`updated_date`,`description`,`is_correct`,`ivr_name`,`question_id`,`choice_id`) VALUES ('de28e629-97f4-4f0a-bc60-a3b4daf50354','2018-03-28 14:04:30','2018-03-28 14:04:30',NULL,1,NULL,'b809c4fa-7382-4cd4-82c4-f6c1df25a0d3',3);
INSERT INTO `choice` (`id`,`created_date`,`updated_date`,`description`,`is_correct`,`ivr_name`,`question_id`,`choice_id`) VALUES ('de3a3718-dee3-4400-9538-7567a68d478b','2018-03-28 14:04:30','2018-03-28 14:04:30',NULL,0,NULL,'02ae38da-2633-4ab2-b0e5-e9d911680130',2);
INSERT INTO `choice` (`id`,`created_date`,`updated_date`,`description`,`is_correct`,`ivr_name`,`question_id`,`choice_id`) VALUES ('dfd6ab06-4697-4fbf-be16-1e7712f342a8','2018-03-28 14:04:30','2018-03-28 14:04:30',NULL,0,NULL,'899d0548-cdfc-4148-90f0-1ce613d69259',1);
INSERT INTO `choice` (`id`,`created_date`,`updated_date`,`description`,`is_correct`,`ivr_name`,`question_id`,`choice_id`) VALUES ('e5627603-1067-4db5-be10-83681dd07add','2018-03-28 14:04:30','2018-03-28 14:04:30',NULL,0,NULL,'0bd58d2e-efff-418a-b1f6-809be93bf58a',1);
INSERT INTO `choice` (`id`,`created_date`,`updated_date`,`description`,`is_correct`,`ivr_name`,`question_id`,`choice_id`) VALUES ('e941b8ee-3e05-4ff6-b8b7-37bbfb6257e8','2018-03-28 14:04:30','2018-03-28 14:04:30',NULL,1,NULL,'0bd58d2e-efff-418a-b1f6-809be93bf58a',2);
INSERT INTO `choice` (`id`,`created_date`,`updated_date`,`description`,`is_correct`,`ivr_name`,`question_id`,`choice_id`) VALUES ('f1a4f62e-fe2b-44fd-b565-fcaf58b732e1','2018-03-28 14:04:30','2018-03-28 14:04:30',NULL,1,NULL,'f0dbdcc3-6c6d-4a1a-aa8c-b30707055565',1);
INSERT INTO `choice` (`id`,`created_date`,`updated_date`,`description`,`is_correct`,`ivr_name`,`question_id`,`choice_id`) VALUES ('f248e291-26fe-4655-aafd-d47afbe2f655','2018-03-28 14:04:30','2018-03-28 14:04:30',NULL,0,NULL,'8751db52-0930-449d-99fa-a71f1ead9978',1);
INSERT INTO `choice` (`id`,`created_date`,`updated_date`,`description`,`is_correct`,`ivr_name`,`question_id`,`choice_id`) VALUES ('f34f85cc-97f6-4217-b33d-f20e07a4baff','2018-03-28 14:04:30','2018-03-28 14:04:30',NULL,0,NULL,'0b514593-7c0b-409b-834b-b6e6ce85e182',2);
INSERT INTO `choice` (`id`,`created_date`,`updated_date`,`description`,`is_correct`,`ivr_name`,`question_id`,`choice_id`) VALUES ('f65c880b-f60d-45f8-b2d3-eb6dcbb3a39f','2018-03-28 14:04:30','2018-03-28 14:04:30',NULL,1,NULL,'3e498211-7e3c-4d21-b66c-4d60b8777f69',1);
INSERT INTO `choice` (`id`,`created_date`,`updated_date`,`description`,`is_correct`,`ivr_name`,`question_id`,`choice_id`) VALUES ('fa638ceb-3fea-4a09-b37f-da0a3aeccb26','2018-03-28 14:04:30','2018-03-28 14:04:30',NULL,0,NULL,'b809c4fa-7382-4cd4-82c4-f6c1df25a0d3',1);
INSERT INTO `choice` (`id`,`created_date`,`updated_date`,`description`,`is_correct`,`ivr_name`,`question_id`,`choice_id`) VALUES ('fc77b867-51b2-4bb0-babc-aca79a77094f','2018-03-28 14:04:30','2018-03-28 14:04:30',NULL,1,NULL,'2a6c726e-a8fe-43bf-b5ad-4a19a7d652a6',1);
INSERT INTO `choice` (`id`,`created_date`,`updated_date`,`description`,`is_correct`,`ivr_name`,`question_id`,`choice_id`) VALUES ('fd039e4b-ddac-4947-aa87-5479f6295956','2018-03-28 14:04:30','2018-03-28 14:04:30',NULL,0,NULL,'0b1794d2-1984-456f-b858-77d24f643543',1);
INSERT INTO `choice` (`id`,`created_date`,`updated_date`,`description`,`is_correct`,`ivr_name`,`question_id`,`choice_id`) VALUES ('fe5238c8-7e00-49f9-9106-8ce43110bc9d','2018-03-28 14:04:30','2018-03-28 14:04:30',NULL,1,NULL,'473beadf-52a1-446a-bd07-dafd038d06bb',1);

