--liquibase formatted sql

--changeset user:1600156256354-1
INSERT INTO jasper_templates (id,created_date,updated_date,description,name,`type`,visible,`data`,json_output,json_output_version) VALUES
('16e226a5-9e7b-412a-94f8-faeedb33d6a4','2018-02-27 16:09:12.000','2018-02-27 16:09:12.000',NULL,'CHW Module','CHW Module',1,NULL,NULL,NULL)
                                                                                                                                        ,('1f45915b-2fb4-4f9e-be47-af2ac1bb5c81','2018-10-15 15:28:23.000','2018-10-15 15:28:23.000','CHW Post Test Report','CHW Post-Test','CHW Post Test',1,NULL,NULL,NULL)
                                                                                                                                        ,('2201766b-eff3-452d-bc0e-89548526b27c','2018-03-24 17:01:44.000','2018-03-24 17:01:44.000',NULL,'CHW List','CHW List',1,NULL,NULL,NULL)
                                                                                                                                        ,('363c7dc6-cad8-4c2a-97f4-9299e9a0516c','2018-03-24 17:02:44.000','2018-03-24 17:01:44.000',NULL,'Selected CHWs','Selected CHWs',1,NULL,NULL,NULL)
                                                                                                                                        ,('3819da0d-e3d9-40b9-aadc-06993c249db9','2018-02-23 16:49:14.000','2018-02-23 16:49:14.000',NULL,'Quiz Questions Detailed','Quiz Questions Detailed',1,NULL,NULL,NULL)
                                                                                                                                        ,('3b4bc725-a3d0-448c-8f0e-eaf74859b4af','2018-02-27 13:56:07.000','2018-02-27 13:56:07.000',NULL,'Quiz Questions Summary','Quiz Questions Summary',1,NULL,NULL,NULL)
                                                                                                                                        ,('5a9e63ce-5af8-475b-a3c6-77226078330f','2019-01-14 11:59:13.000','2019-01-14 11:59:13.000','Villages Report','Villages Report','Villages',1,NULL,NULL,NULL)
                                                                                                                                        ,('6339ea69-bbad-4510-b713-de3bb0b2b67e','2018-10-11 15:28:23.000','2018-10-11 15:28:23.000','CHW Pre-Test Report','CHW Pre-Test','CHW Pre-Test',1,NULL,NULL,NULL)
                                                                                                                                        ,('642123be-1438-49a1-a8c0-6611adad3c64','2018-02-21 15:18:10.000','2018-02-21 15:18:10.000',NULL,'User Log','User Log',1,NULL,NULL,NULL)
                                                                                                                                        ,('6b5b798b-7477-4c9d-97b9-a04a610ce7da','2018-02-22 18:43:12.000','2018-02-22 18:43:12.000',NULL,'Number Of Modules Sent Out','Number Of Modules Sent Out',1,NULL,NULL,NULL)
;
INSERT INTO jasper_templates (id,created_date,updated_date,description,name,`type`,visible,`data`,json_output,json_output_version) VALUES
('6f375af3-e21b-47b0-958a-6d9414022932','2018-02-21 18:51:07.000','2018-02-21 18:51:07.000',NULL,'CHW Training Module Progress','CHW Training Module Progress',1,NULL,NULL,NULL)
                                                                                                                                        ,('7c246d9c-035a-4233-aa6c-2a4a42b5dd77','2018-02-22 14:13:25.000','2018-02-22 14:13:25.000',NULL,'CHW Module Unit Progress','CHW Module Unit Progress',1,NULL,NULL,NULL)
                                                                                                                                        ,('8d89322c-ba99-40c4-b9a6-1f9ea6d058eb','2018-02-28 18:01:44.000','2018-02-28 18:01:44.000',NULL,'Detailed Call Log','Detailed Call Log',1,NULL,NULL,NULL)
                                                                                                                                        ,('b08c8b7f-80a7-433f-a201-7e7efbb425f2','2018-02-23 18:38:00.000','2018-02-23 18:38:00.000',NULL,'CHW Quiz','CHW Quiz',1,NULL,NULL,NULL)
                                                                                                                                        ,('b91b6008-a054-4a0c-bf4d-3e65fd8e6cef','2019-01-14 12:10:40.000','2019-01-14 12:10:40.000','Facilities Report','Facilities Report','Facilities',1,NULL,NULL,NULL)
;

INSERT INTO template_parameters (id,created_date,updated_date,data_type,default_value,description,display_name,name,required,template_id) VALUES
('000031e9-f917-4831-98c8-0806eeaf8b92','2019-02-15 13:10:40.000','2019-02-15 13:10:40.000','String',NULL,NULL,'Group','groupName',0,'2201766b-eff3-452d-bc0e-89548526b27c')
                                                                                                                                               ,('00039105-68ec-41aa-93f7-02ca136416d7',NULL,NULL,'Enum',NULL,NULL,'Gender','gender',0,'6f375af3-e21b-47b0-958a-6d9414022932')
                                                                                                                                               ,('00825a2b-d02e-48f8-aa8a-521b5ba09f83',NULL,NULL,'Enum',NULL,NULL,'Gender','gender',0,'7c246d9c-035a-4233-aa6c-2a4a42b5dd77')
                                                                                                                                               ,('00c60020-c4d4-40ba-b516-fda19d792533','2020-02-12 13:10:40.000','2020-02-12 13:10:40.000','String',NULL,NULL,'Name','name',0,'642123be-1438-49a1-a8c0-6611adad3c64')
                                                                                                                                               ,('00cc35a6-438c-4af0-afba-b5b7b869e25c',NULL,NULL,'Enum',NULL,NULL,'Gender','gender',0,'b08c8b7f-80a7-433f-a201-7e7efbb425f2')
                                                                                                                                               ,('025b0a2e-4c46-46af-8b47-438c580ed8b4',NULL,NULL,'String',NULL,NULL,'CHW ID','chwId',0,'3819da0d-e3d9-40b9-aadc-06993c249db9')
                                                                                                                                               ,('04025d05-4242-442b-a15a-d353259b816d',NULL,NULL,'Date',NULL,NULL,'Login Date Min','loginDateMin',0,'642123be-1438-49a1-a8c0-6611adad3c64')
                                                                                                                                               ,('05919815-f88c-4ef7-b95e-33028a6c052d',NULL,NULL,'String',NULL,NULL,'Question','question',0,'3b4bc725-a3d0-448c-8f0e-eaf74859b4af')
                                                                                                                                               ,('091610c0-3347-406f-b1c2-dd322ed11bfa',NULL,NULL,'String',NULL,NULL,'CHW Name','chwName',0,'363c7dc6-cad8-4c2a-97f4-9299e9a0516c')
                                                                                                                                               ,('09c05dc4-bb99-45b1-b6fc-64c2a0bd369b',NULL,NULL,'String',NULL,NULL,'Village','village',0,'363c7dc6-cad8-4c2a-97f4-9299e9a0516c')
;

INSERT INTO template_parameters (id,created_date,updated_date,data_type,default_value,description,display_name,name,required,template_id) VALUES
                                                                                                                                               ('0a0e67ac-0255-4423-9706-b0f294ac124b',NULL,NULL,'String',NULL,NULL,'CHW Name','chwName',0,'8d89322c-ba99-40c4-b9a6-1f9ea6d058eb')
                                                                                                                                               ,('0a133834-2092-4a27-9bf1-7d29594e285b',NULL,NULL,'String',NULL,NULL,'Facility','facility',0,'363c7dc6-cad8-4c2a-97f4-9299e9a0516c')
                                                                                                                                               ,('0a22b13f-9648-4a01-9392-1aaf82263471',NULL,NULL,'String',NULL,NULL,'CHW Name','chwName',0,'3819da0d-e3d9-40b9-aadc-06993c249db9')
                                                                                                                                               ,('0a5a2cc1-9548-4b97-aaf4-c69ea15a43ed',NULL,NULL,'String','0',NULL,'Offset','offset',1,'363c7dc6-cad8-4c2a-97f4-9299e9a0516c')
                                                                                                                                               ,('0a6a5500-7140-40d8-aebb-dd48e0cd5d13','2018-10-11 15:28:23.000','2018-10-11 15:28:23.000','String',NULL,NULL,'CHW Name','chwName',0,'6339ea69-bbad-4510-b713-de3bb0b2b67e')
                                                                                                                                               ,('0b0d022a-3ba4-4973-aa8f-0dbca1323128',NULL,NULL,'String',NULL,NULL,'District','district',0,'363c7dc6-cad8-4c2a-97f4-9299e9a0516c')
                                                                                                                                               ,('0b3c62e1-8966-4426-83c0-f444de98a7aa',NULL,NULL,'String',NULL,NULL,'ID','chwId',0,'363c7dc6-cad8-4c2a-97f4-9299e9a0516c')
                                                                                                                                               ,('0bd10e87-fea9-48c9-97ef-f114bc0de1cf',NULL,NULL,'String',NULL,NULL,'Sector','sector',0,'363c7dc6-cad8-4c2a-97f4-9299e9a0516c')
                                                                                                                                               ,('0c15ac47-64e5-4962-8803-b2509b847961',NULL,NULL,'String','name',NULL,'Order By','orderBy',1,'2201766b-eff3-452d-bc0e-89548526b27c')
;

INSERT INTO template_parameters (id,created_date,updated_date,data_type,default_value,description,display_name,name,required,template_id) VALUES
('0c3e54a7-c839-44bc-bd25-5d958e8743d7',NULL,NULL,'String','20',NULL,'Limit','pageSize',1,'363c7dc6-cad8-4c2a-97f4-9299e9a0516c')
                                                                                                                                               ,('0c4aea3b-556c-4599-b49c-15ae7e2f1fd1',NULL,NULL,'String',NULL,NULL,'Phone number','phone',0,'363c7dc6-cad8-4c2a-97f4-9299e9a0516c')
                                                                                                                                               ,('0c7e29f9-f51d-4d12-a6ad-3e6c97eb86cc',NULL,NULL,'String',NULL,NULL,'User Role','userRole',0,'642123be-1438-49a1-a8c0-6611adad3c64')
                                                                                                                                               ,('0c96a6d9-eb7e-4d69-aa27-4f652cd9518b',NULL,NULL,'String','name',NULL,'Order By','orderBy',1,'363c7dc6-cad8-4c2a-97f4-9299e9a0516c')
                                                                                                                                               ,('0d5dfe01-c6b2-4d22-a9c8-e8123b2d43a2','2019-02-27 14:40:20.000','2019-02-27 14:40:20.000','String',NULL,NULL,'Facility','facility',0,'6b5b798b-7477-4c9d-97b9-a04a610ce7da')
                                                                                                                                               ,('0e00dafe-ad88-48b7-9a9b-e8e020f43fdc',NULL,NULL,'String',NULL,NULL,'CHW ID','chwId',0,'6f375af3-e21b-47b0-958a-6d9414022932')
                                                                                                                                               ,('0e0b9273-5a6b-4d1f-9fd2-bc637923dc80',NULL,NULL,'String',NULL,NULL,'Sector','sector',0,'6f375af3-e21b-47b0-958a-6d9414022932')
                                                                                                                                               ,('0e3e1678-1d0c-4626-be12-364d84a3d668',NULL,NULL,'String',NULL,NULL,'Phone','phone',0,'6f375af3-e21b-47b0-958a-6d9414022932')
                                                                                                                                               ,('0e3e3635-7184-4551-a757-245f52a9203a',NULL,NULL,'String',NULL,NULL,'District','district',0,'6f375af3-e21b-47b0-958a-6d9414022932')
                                                                                                                                               ,('0ebb2bf7-30f3-467c-a0a8-645de1082a52',NULL,NULL,'String',NULL,NULL,'Module ID','moduleId',0,'6f375af3-e21b-47b0-958a-6d9414022932')
;

INSERT INTO template_parameters (id,created_date,updated_date,data_type,default_value,description,display_name,name,required,template_id) VALUES
('0ef6c0c8-aaad-4c37-b6d4-32095724dd84',NULL,NULL,'String','chwName, moduleId',NULL,'Order By','orderBy',1,'6f375af3-e21b-47b0-958a-6d9414022932')
                                                                                                                                               ,('0f089a97-fcc1-4d91-bd8c-ee7b8126f1dd',NULL,NULL,'String','0',NULL,'Offset','offset',1,'6f375af3-e21b-47b0-958a-6d9414022932')
                                                                                                                                               ,('0f5f40f2-be3d-4509-af61-fa591e504295','2018-10-15 15:28:23.000','2018-10-15 15:28:23.000','String',NULL,NULL,'Module ID','moduleId',0,'1f45915b-2fb4-4f9e-be47-af2ac1bb5c81')
                                                                                                                                               ,('0fedd9bb-ca32-4b60-a598-91e57e71a4a1',NULL,NULL,'String','20',NULL,'Limit','pageSize',1,'642123be-1438-49a1-a8c0-6611adad3c64')
                                                                                                                                               ,('1072a3cd-c860-413e-9335-4b5b3c4f0018',NULL,NULL,'String',NULL,NULL,'CHW Name','chwName',0,'6f375af3-e21b-47b0-958a-6d9414022932')
                                                                                                                                               ,('111572ca-4417-41aa-bbc1-0c60fedcb3af',NULL,NULL,'Date',NULL,NULL,'Login Date Max','loginDateMax',0,'642123be-1438-49a1-a8c0-6611adad3c64')
                                                                                                                                               ,('13a77405-2226-4cd2-883e-271db73aedcb',NULL,NULL,'String','20',NULL,'Limit','pageSize',1,'7c246d9c-035a-4233-aa6c-2a4a42b5dd77')
                                                                                                                                               ,('14fe6c04-e8c2-49c8-af8d-c9326891776d',NULL,NULL,'String',NULL,NULL,'Phone number','phone',0,'2201766b-eff3-452d-bc0e-89548526b27c')
                                                                                                                                               ,('17b1a0c5-fcaf-4e20-9af0-25208c5aae5c',NULL,NULL,'String',NULL,NULL,'District','district',0,'3819da0d-e3d9-40b9-aadc-06993c249db9')
                                                                                                                                               ,('1d0eb61f-4310-448c-a542-f8eadd6e2daa',NULL,NULL,'Date',NULL,NULL,'Logout Date','logoutDate',0,'642123be-1438-49a1-a8c0-6611adad3c64')
;

INSERT INTO template_parameters (id,created_date,updated_date,data_type,default_value,description,display_name,name,required,template_id) VALUES
('20d2f4b4-73ae-4422-96d8-9a32ea50b9aa','2018-10-23 14:40:20.000','2018-10-23 14:40:20.000','String',NULL,NULL,'Sector','sector',0,'6b5b798b-7477-4c9d-97b9-a04a610ce7da')
                                                                                                                                               ,('213a9392-77ac-4375-89de-80c91514fb72',NULL,NULL,'Date',NULL,NULL,'Logout Date Min','logoutDateMin',0,'642123be-1438-49a1-a8c0-6611adad3c64')
                                                                                                                                               ,('2155fc37-a3cc-47cb-8b96-86bf6b86ae5c',NULL,NULL,'Date',NULL,NULL,'Logout Date Max','logoutDateMax',0,'642123be-1438-49a1-a8c0-6611adad3c64')
                                                                                                                                               ,('22912517-58d8-4edb-8e6d-e0af409b0343',NULL,NULL,'String',NULL,NULL,'District','district',0,'16e226a5-9e7b-412a-94f8-faeedb33d6a4')
                                                                                                                                               ,('2307f0da-962a-4b38-a022-db0c1c9e8d79','2019-01-14 12:10:40.000','2019-01-14 12:10:40.000','String','20',NULL,'Limit','pageSize',1,'b91b6008-a054-4a0c-bf4d-3e65fd8e6cef')
                                                                                                                                               ,('258e972a-ad57-4b4f-9e7e-6a0a536141dd',NULL,NULL,'Enum',NULL,NULL,'Status','status',0,'7c246d9c-035a-4233-aa6c-2a4a42b5dd77')
                                                                                                                                               ,('25e51ba9-6970-4b76-bbcf-498f03bbb637','2019-02-15 13:10:40.000','2019-02-15 13:10:40.000','String',NULL,NULL,'Group','groupName',0,'16e226a5-9e7b-412a-94f8-faeedb33d6a4')
                                                                                                                                               ,('26599394-98bd-458b-b830-aa2835559d03','2019-02-15 13:10:40.000','2019-02-15 13:10:40.000','String',NULL,NULL,'Group','groupName',0,'7c246d9c-035a-4233-aa6c-2a4a42b5dd77')
                                                                                                                                               ,('268d0c5e-77e1-49b4-b7e9-17ef59801f80','2019-02-15 13:10:40.000','2019-02-15 13:10:40.000','String',NULL,NULL,'Group','groupName',0,'1f45915b-2fb4-4f9e-be47-af2ac1bb5c81')
                                                                                                                                               ,('26e0d38e-48ca-4b19-bede-ed5ce77992de','2019-02-15 13:10:40.000','2019-02-15 13:10:40.000','String',NULL,NULL,'Group','groupName',0,'6339ea69-bbad-4510-b713-de3bb0b2b67e')
;

INSERT INTO template_parameters (id,created_date,updated_date,data_type,default_value,description,display_name,name,required,template_id) VALUES
('274eb627-cb8b-4c4d-827a-2534f92315fb','2019-02-15 13:10:40.000','2019-02-15 13:10:40.000','String',NULL,NULL,'Group','groupName',0,'b08c8b7f-80a7-433f-a201-7e7efbb425f2')
                                                                                                                                               ,('276ffec5-5f99-4b4a-8415-4d1fe55f25ad',NULL,NULL,'String','0',NULL,'Offset','offset',1,'16e226a5-9e7b-412a-94f8-faeedb33d6a4')
                                                                                                                                               ,('27d4e41c-4174-4f9c-8c0c-f24ea664f6fa','2019-02-15 13:10:40.000','2019-02-15 13:10:40.000','String',NULL,NULL,'Group','groupName',0,'6f375af3-e21b-47b0-958a-6d9414022932')
                                                                                                                                               ,('28b14093-0911-4b63-84df-149067c46746','2019-02-15 13:10:40.000','2019-02-15 13:10:40.000','String',NULL,NULL,'Group','groupName',0,'8d89322c-ba99-40c4-b9a6-1f9ea6d058eb')
                                                                                                                                               ,('29a2d76d-7f43-4a67-8952-954918660653','2019-02-15 13:10:40.000','2019-02-15 13:10:40.000','String',NULL,NULL,'Group','groupName',0,'3819da0d-e3d9-40b9-aadc-06993c249db9')
                                                                                                                                               ,('29acbe73-73db-4931-ad18-c1a57bf00f6d',NULL,NULL,'String',NULL,NULL,'Unit ID','unit',0,'3b4bc725-a3d0-448c-8f0e-eaf74859b4af')
                                                                                                                                               ,('29cfc306-6404-4ccc-93b9-956b5ed7ce79','2019-02-15 13:10:40.000','2019-02-15 13:10:40.000','String',NULL,NULL,'Group','groupName',0,'363c7dc6-cad8-4c2a-97f4-9299e9a0516c')
                                                                                                                                               ,('2df08e23-7553-41b2-b082-8435a413c03f',NULL,NULL,'String','20',NULL,'Limit','pageSize',1,'2201766b-eff3-452d-bc0e-89548526b27c')
                                                                                                                                               ,('2eb6d006-52a0-49db-b5ff-a8beb9464cf2','2018-10-15 15:28:23.000','2018-10-15 15:28:23.000','String',NULL,NULL,'CHW ID','chwId',0,'1f45915b-2fb4-4f9e-be47-af2ac1bb5c81')
                                                                                                                                               ,('2fc36f84-d5ad-4cd3-8a08-13f6ebb338a7','2019-01-14 12:10:40.000','2019-01-14 12:10:40.000','String','facility',NULL,'Order By','orderBy',1,'b91b6008-a054-4a0c-bf4d-3e65fd8e6cef')
;

INSERT INTO template_parameters (id,created_date,updated_date,data_type,default_value,description,display_name,name,required,template_id) VALUES
('311186f0-61e4-4f3b-9ee8-ec0eba668ce4',NULL,NULL,'String','module, unit, questionId',NULL,'Order By','orderBy',1,'3b4bc725-a3d0-448c-8f0e-eaf74859b4af')
                                                                                                                                               ,('323e0066-849d-43c3-b1c2-1bd42e205287','2018-10-15 15:28:23.000','2018-10-15 15:28:23.000','String',NULL,NULL,'Facility','facility',0,'1f45915b-2fb4-4f9e-be47-af2ac1bb5c81')
                                                                                                                                               ,('3297f3e4-a263-4bd6-938a-1786d7a04864',NULL,NULL,'Date',NULL,NULL,'Date of Push Min','dateOfPushMin',0,'6b5b798b-7477-4c9d-97b9-a04a610ce7da')
                                                                                                                                               ,('35082eca-38d1-449e-a6da-40eb2560068c',NULL,NULL,'String','20',NULL,'Limit','pageSize',1,'6b5b798b-7477-4c9d-97b9-a04a610ce7da')
                                                                                                                                               ,('3533a325-aac0-42f9-822d-375c2e958326',NULL,NULL,'Date',NULL,NULL,'Date of Push Max','dateOfPushMax',0,'6b5b798b-7477-4c9d-97b9-a04a610ce7da')
                                                                                                                                               ,('362a5f40-45e4-42ec-a63c-68fcdccac540',NULL,NULL,'String','loginDate DESC',NULL,'Order By','orderBy',1,'642123be-1438-49a1-a8c0-6611adad3c64')
                                                                                                                                               ,('36d8ee0b-cdca-41e3-9489-9a9623ec0db0',NULL,NULL,'String','module, unit, questionId, chwId',NULL,'Order By','orderBy',1,'3819da0d-e3d9-40b9-aadc-06993c249db9')
                                                                                                                                               ,('36dd1307-af16-4cda-aea5-82621c241431','2019-02-27 14:40:20.000','2019-02-27 14:40:20.000','String',NULL,NULL,'Group','groupName',0,'6b5b798b-7477-4c9d-97b9-a04a610ce7da')
                                                                                                                                               ,('39773f50-d881-4fc9-bde3-ae6965cbb18c','2018-10-15 15:28:23.000','2018-10-15 15:28:23.000','String','20',NULL,'Limit','pageSize',1,'1f45915b-2fb4-4f9e-be47-af2ac1bb5c81')
                                                                                                                                               ,('39afbbe4-5854-418b-8ce7-4621980bcdfd','2018-10-15 15:28:23.000','2018-10-15 15:28:23.000','String','chwId, moduleId',NULL,'Order By','orderBy',1,'1f45915b-2fb4-4f9e-be47-af2ac1bb5c81')
;

INSERT INTO template_parameters (id,created_date,updated_date,data_type,default_value,description,display_name,name,required,template_id) VALUES
('3a17b95f-fcd6-4036-b8f4-7e239985cf0a',NULL,NULL,'Date',NULL,NULL,'Sent Date Min','sentDateMin',0,'8d89322c-ba99-40c4-b9a6-1f9ea6d058eb')
                                                                                                                                               ,('3ad70dc7-3cc1-404f-a39d-510af518e6da',NULL,NULL,'Enum',NULL,NULL,'Gender','gender',0,'16e226a5-9e7b-412a-94f8-faeedb33d6a4')
                                                                                                                                               ,('4319b197-48fa-4747-983d-4ffac9c48cc7','2018-10-18 11:52:30.000','2018-10-18 11:52:30.000','String',NULL,NULL,'Facility','facility',0,'16e226a5-9e7b-412a-94f8-faeedb33d6a4')
                                                                                                                                               ,('431c53b3-6b37-4262-b871-2d09e2e10f16',NULL,NULL,'Enum',NULL,NULL,'Gender','gender',0,'3819da0d-e3d9-40b9-aadc-06993c249db9')
                                                                                                                                               ,('43d84a5b-0411-4e7a-bb70-6c429b081dba',NULL,NULL,'String',NULL,NULL,'User ID','username',0,'6b5b798b-7477-4c9d-97b9-a04a610ce7da')
                                                                                                                                               ,('46628d03-ec64-4709-a63f-940a5c7f3317',NULL,NULL,'String',NULL,NULL,'CHW ID','chwId',0,'7c246d9c-035a-4233-aa6c-2a4a42b5dd77')
                                                                                                                                               ,('46bd7a52-8fbc-4ec1-a80b-57791b6d45f1',NULL,NULL,'Date',NULL,NULL,'Start Date','startDate',0,'16e226a5-9e7b-412a-94f8-faeedb33d6a4')
                                                                                                                                               ,('48a9b5db-69cc-47c3-95a9-6c44a3ab91bf',NULL,NULL,'Date',NULL,NULL,'Sent Date Max','sentDateMax',0,'8d89322c-ba99-40c4-b9a6-1f9ea6d058eb')
                                                                                                                                               ,('4974cb38-fa8b-4949-ab63-68ce5e36dae3',NULL,NULL,'String',NULL,NULL,'Sector','sector',0,'2201766b-eff3-452d-bc0e-89548526b27c')
                                                                                                                                               ,('4ae73f36-2b75-4e4d-88c6-9ef09e43c181',NULL,NULL,'String',NULL,NULL,'Sector','sector',0,'8d89322c-ba99-40c4-b9a6-1f9ea6d058eb')
;

INSERT INTO template_parameters (id,created_date,updated_date,data_type,default_value,description,display_name,name,required,template_id) VALUES
('4e3685d6-f77b-46a0-ae3d-24326888b55d',NULL,NULL,'String',NULL,NULL,'CHW ID','chwId',0,'16e226a5-9e7b-412a-94f8-faeedb33d6a4')
                                                                                                                                               ,('4edce658-08c1-4b52-b050-eb4dcb1bfc89','2018-10-15 15:28:23.000','2018-10-15 15:28:23.000','String',NULL,NULL,'CHW Name','chwName',0,'1f45915b-2fb4-4f9e-be47-af2ac1bb5c81')
                                                                                                                                               ,('51cc333d-5135-40b5-864a-0281ec59f0ef','2019-12-11 14:40:20.000','2019-12-11 14:40:20.000','String',NULL,NULL,'Incharge phone','inchargePhone',0,'b91b6008-a054-4a0c-bf4d-3e65fd8e6cef')
                                                                                                                                               ,('5216875d-8359-4f08-9122-6d33562bd6e7',NULL,NULL,'String',NULL,NULL,'Phone','phone',0,'8d89322c-ba99-40c4-b9a6-1f9ea6d058eb')
                                                                                                                                               ,('52cde75e-7cca-468d-853c-a8f5a41d35bb','2018-10-11 15:28:23.000','2018-10-11 15:28:23.000','String',NULL,NULL,'Facility','facility',0,'6339ea69-bbad-4510-b713-de3bb0b2b67e')
                                                                                                                                               ,('54b7d785-8d75-41d2-a798-0939bb667c1a',NULL,NULL,'String',NULL,NULL,'Module ID','module',0,'3819da0d-e3d9-40b9-aadc-06993c249db9')
                                                                                                                                               ,('54caa797-7b24-42fb-a5bc-3f37d98cdbe1',NULL,NULL,'Date',NULL,NULL,'Date Received Min','dateReceivedMin',0,'16e226a5-9e7b-412a-94f8-faeedb33d6a4')
                                                                                                                                               ,('56e0b029-3212-43ec-9394-027112be5c93',NULL,NULL,'String','chwId, sentDate',NULL,'Order By','orderBy',1,'8d89322c-ba99-40c4-b9a6-1f9ea6d058eb')
                                                                                                                                               ,('576242a4-1e82-4408-9787-cfc13389b60f',NULL,NULL,'Enum',NULL,NULL,'Status','status',0,'6f375af3-e21b-47b0-958a-6d9414022932')
                                                                                                                                               ,('57d2bd04-4cc4-4209-8bcc-30311405720b',NULL,NULL,'String','20',NULL,'Limit','pageSize',1,'6f375af3-e21b-47b0-958a-6d9414022932')
;

INSERT INTO template_parameters (id,created_date,updated_date,data_type,default_value,description,display_name,name,required,template_id) VALUES
('5ac8f8b5-12cd-4414-9009-86154e31c32b',NULL,NULL,'Date',NULL,NULL,'Date Received Max','dateReceivedMax',0,'16e226a5-9e7b-412a-94f8-faeedb33d6a4')
                                                                                                                                               ,('5e8c36aa-98b6-4961-925d-8d234d9742ee',NULL,NULL,'String',NULL,NULL,'ID','chwId',0,'2201766b-eff3-452d-bc0e-89548526b27c')
                                                                                                                                               ,('5faa4573-f6ce-4a21-914f-5817b4e1c0ec',NULL,NULL,'Date',NULL,NULL,'Start Date Min','startDateMin',0,'16e226a5-9e7b-412a-94f8-faeedb33d6a4')
                                                                                                                                               ,('615a04e1-be1f-428c-8c27-5df46fccaa25',NULL,NULL,'Enum',NULL,NULL,'Module Status','status',0,'6339ea69-bbad-4510-b713-de3bb0b2b67e')
                                                                                                                                               ,('6160f278-49b5-4290-a89a-ed109773533f',NULL,NULL,'Date',NULL,NULL,'Start Date Max','startDateMax',0,'16e226a5-9e7b-412a-94f8-faeedb33d6a4')
                                                                                                                                               ,('61a438c9-fb84-494e-9878-33ed84e8b122',NULL,NULL,'String',NULL,NULL,'Unit ID','unitId',0,'8d89322c-ba99-40c4-b9a6-1f9ea6d058eb')
                                                                                                                                               ,('6285bb56-fc89-4011-bf0e-0f9612eb873e',NULL,NULL,'Enum',NULL,NULL,'Module Status','status',0,'1f45915b-2fb4-4f9e-be47-af2ac1bb5c81')
                                                                                                                                               ,('63ee04d5-b5bd-4dc4-9838-51e87cc73aaf',NULL,NULL,'String',NULL,NULL,'Question','question',0,'3819da0d-e3d9-40b9-aadc-06993c249db9')
                                                                                                                                               ,('6501a80c-c09b-4f39-9c4b-45f938ed9bbb',NULL,NULL,'Date',NULL,NULL,'End Date Min','endDateMin',0,'16e226a5-9e7b-412a-94f8-faeedb33d6a4')
                                                                                                                                               ,('65aa8422-46ac-4476-8863-f1ccb4a66d07','2019-12-11 14:40:20.000','2019-12-11 14:40:20.000','String',NULL,NULL,'Incharge email','inchargeEmail',0,'b91b6008-a054-4a0c-bf4d-3e65fd8e6cef')
;

INSERT INTO template_parameters (id,created_date,updated_date,data_type,default_value,description,display_name,name,required,template_id) VALUES
('67969f93-7f41-42cc-955c-31f921d05507',NULL,NULL,'String',NULL,NULL,'District','district',0,'6b5b798b-7477-4c9d-97b9-a04a610ce7da')
                                                                                                                                               ,('68ba32b3-028f-4b7d-9942-e0f81f67fc68',NULL,NULL,'String',NULL,NULL,'Sector','sector',0,'7c246d9c-035a-4233-aa6c-2a4a42b5dd77')
                                                                                                                                               ,('69824e0c-690f-491d-a697-4e50570a4629',NULL,NULL,'String',NULL,NULL,'Question ID','questionId',0,'3b4bc725-a3d0-448c-8f0e-eaf74859b4af')
                                                                                                                                               ,('6a039d68-6b11-4a76-84e9-8de5853703d1','2019-01-14 12:10:40.000','2019-01-14 12:10:40.000','String',NULL,NULL,'Sector','sector',0,'b91b6008-a054-4a0c-bf4d-3e65fd8e6cef')
                                                                                                                                               ,('6a05bf0b-6e92-4610-8466-6f93a791c4fc',NULL,NULL,'Date',NULL,NULL,'End Date Max','endDateMax',0,'16e226a5-9e7b-412a-94f8-faeedb33d6a4')
                                                                                                                                               ,('6a69ca62-d8b0-4526-87de-974c66ca41b6',NULL,NULL,'String','20',NULL,'Limit','pageSize',1,'b08c8b7f-80a7-433f-a201-7e7efbb425f2')
                                                                                                                                               ,('6a85b1a2-09dd-4c30-82c8-44419b8d36d3',NULL,NULL,'String',NULL,NULL,'CHW ID','chwId',0,'b08c8b7f-80a7-433f-a201-7e7efbb425f2')
                                                                                                                                               ,('6ab183c6-b091-48b1-98f9-869af54dcd1d','2018-10-15 15:28:23.000','2018-10-15 15:28:23.000','String',NULL,NULL,'Sector','sector',0,'1f45915b-2fb4-4f9e-be47-af2ac1bb5c81')
                                                                                                                                               ,('6ac6c769-7f6d-4a5e-a691-2cc49f982fd2','2018-10-18 11:52:30.000','2018-10-18 11:52:30.000','String',NULL,NULL,'Sector','sector',0,'16e226a5-9e7b-412a-94f8-faeedb33d6a4')
                                                                                                                                               ,('6ad4450d-4969-45ec-a343-e27e62748f18',NULL,NULL,'String',NULL,NULL,'Sector','sector',0,'b08c8b7f-80a7-433f-a201-7e7efbb425f2')
;

INSERT INTO template_parameters (id,created_date,updated_date,data_type,default_value,description,display_name,name,required,template_id) VALUES
('6b2a6e67-09bd-44b6-b4a3-9392b70ff3b2',NULL,NULL,'String',NULL,NULL,'Phone','phone',0,'b08c8b7f-80a7-433f-a201-7e7efbb425f2')
                                                                                                                                               ,('6b87b2d0-232e-4f59-bd5b-8da2619ee816',NULL,NULL,'String',NULL,NULL,'District','district',0,'b08c8b7f-80a7-433f-a201-7e7efbb425f2')
                                                                                                                                               ,('6b8fa16c-8c42-4f92-a906-838d9b5abd93',NULL,NULL,'String',NULL,NULL,'Module ID','moduleId',0,'b08c8b7f-80a7-433f-a201-7e7efbb425f2')
                                                                                                                                               ,('6cc1fca2-77a9-4c4e-92cf-3b2fa8a3b00a',NULL,NULL,'String',NULL,NULL,'Unit ID','unitId',0,'b08c8b7f-80a7-433f-a201-7e7efbb425f2')
                                                                                                                                               ,('6cfa4999-d1c9-4f2f-aa33-7e33819f5331',NULL,NULL,'String','chwName, moduleId, unitId',NULL,'Order By','orderBy',1,'b08c8b7f-80a7-433f-a201-7e7efbb425f2')
                                                                                                                                               ,('6d0e2c41-d320-4762-8767-62fe79c23b01',NULL,NULL,'String','0',NULL,'Offset','offset',1,'b08c8b7f-80a7-433f-a201-7e7efbb425f2')
                                                                                                                                               ,('6e0a7e45-2525-4a36-af76-e3dab05a6b97',NULL,NULL,'String',NULL,NULL,'CHW Name','chwName',0,'b08c8b7f-80a7-433f-a201-7e7efbb425f2')
                                                                                                                                               ,('6e3fb99d-75bb-4813-90a4-c2a5c96d03eb',NULL,NULL,'String',NULL,NULL,'Facility','facility',0,'b08c8b7f-80a7-433f-a201-7e7efbb425f2')
                                                                                                                                               ,('700ba22d-2256-4252-b2a1-fb06718896d0',NULL,NULL,'String',NULL,NULL,'Phone','phone',0,'7c246d9c-035a-4233-aa6c-2a4a42b5dd77')
                                                                                                                                               ,('70e5c7eb-75f0-4f2c-9262-e738ede1e541',NULL,NULL,'String',NULL,NULL,'District','district',0,'2201766b-eff3-452d-bc0e-89548526b27c')
;

INSERT INTO template_parameters (id,created_date,updated_date,data_type,default_value,description,display_name,name,required,template_id) VALUES
('718e6d32-acfa-41ed-acd2-f62c41f23ba2',NULL,NULL,'String',NULL,NULL,'District','district',0,'7c246d9c-035a-4233-aa6c-2a4a42b5dd77')
                                                                                                                                               ,('80ff5009-8593-48f8-baac-c3ac9ef41fdc',NULL,NULL,'String',NULL,NULL,'Sector','sector',0,'3819da0d-e3d9-40b9-aadc-06993c249db9')
                                                                                                                                               ,('81f5b271-5935-4521-a33e-c47580f316fe',NULL,NULL,'Date',NULL,NULL,'End Date','endDate',0,'16e226a5-9e7b-412a-94f8-faeedb33d6a4')
                                                                                                                                               ,('8206fb56-ab88-4cf4-a65b-59d9d4397637',NULL,NULL,'String',NULL,NULL,'Module ID','moduleId',0,'8d89322c-ba99-40c4-b9a6-1f9ea6d058eb')
                                                                                                                                               ,('8272c2cb-1625-4b71-951a-31489f1420dc',NULL,NULL,'String',NULL,NULL,'District','district',0,'8d89322c-ba99-40c4-b9a6-1f9ea6d058eb')
                                                                                                                                               ,('8688eded-6d61-4a61-bb5e-e0ea7f4ec231',NULL,NULL,'String','0',NULL,'Offset','offset',1,'2201766b-eff3-452d-bc0e-89548526b27c')
                                                                                                                                               ,('8a8eb258-fbac-4020-8924-ef7a8f214740','2019-01-14 12:10:40.000','2019-01-14 12:10:40.000','String',NULL,NULL,'Name','facility',0,'b91b6008-a054-4a0c-bf4d-3e65fd8e6cef')
                                                                                                                                               ,('8ad2a7d0-703d-4000-92b8-a3fd63bcdfc3','2018-10-11 15:28:23.000','2018-10-11 15:28:23.000','String',NULL,NULL,'CHW ID','chwId',0,'6339ea69-bbad-4510-b713-de3bb0b2b67e')
                                                                                                                                               ,('8b42ec54-6675-4fd0-901c-d30ad5f41cf7','2018-10-15 15:28:23.000','2018-10-15 15:28:23.000','String','0',NULL,'Offset','offset',1,'1f45915b-2fb4-4f9e-be47-af2ac1bb5c81')
                                                                                                                                               ,('8b5d7639-4d4d-4204-b09a-8c0e1a01b4d6','2019-03-13 14:40:20.000','2019-03-13 14:40:20.000','String',NULL,NULL,'Facility','facility',0,'6f375af3-e21b-47b0-958a-6d9414022932')
;

INSERT INTO template_parameters (id,created_date,updated_date,data_type,default_value,description,display_name,name,required,template_id) VALUES
('8ebda1f6-7108-4c6b-a444-00dda852c977',NULL,NULL,'String',NULL,NULL,'Module ID','moduleId',0,'7c246d9c-035a-4233-aa6c-2a4a42b5dd77')
                                                                                                                                               ,('90065ad5-5367-4dbd-a183-9b8b045ebae3',NULL,NULL,'String',NULL,NULL,'CHW ID','chwId',0,'8d89322c-ba99-40c4-b9a6-1f9ea6d058eb')
                                                                                                                                               ,('90107bed-1423-44e4-baa9-a42af5acad1b','2018-10-11 15:28:23.000','2018-10-11 15:28:23.000','Enum',NULL,NULL,'Gender','gender',0,'6339ea69-bbad-4510-b713-de3bb0b2b67e')
                                                                                                                                               ,('9206c12a-9ad8-4082-b1f3-cdda9b2c57df','2018-10-15 15:28:23.000','2018-10-15 15:28:23.000','Enum',NULL,NULL,'Gender','gender',0,'1f45915b-2fb4-4f9e-be47-af2ac1bb5c81')
                                                                                                                                               ,('96f27a46-7519-4087-af0a-bf853317a525',NULL,NULL,'String','20',NULL,'Limit','pageSize',1,'16e226a5-9e7b-412a-94f8-faeedb33d6a4')
                                                                                                                                               ,('9b5f6d9e-4300-4bd3-9e0f-333b6d1f946e',NULL,NULL,'String',NULL,NULL,'Unit ID','unitId',0,'7c246d9c-035a-4233-aa6c-2a4a42b5dd77')
                                                                                                                                               ,('9d41d14c-7184-4ac5-88cd-c0220555b95c',NULL,NULL,'String',NULL,NULL,'Element ID','elementId',0,'8d89322c-ba99-40c4-b9a6-1f9ea6d058eb')
                                                                                                                                               ,('9e497cda-edbe-4bf9-a92e-689065dd533c',NULL,NULL,'Date',NULL,NULL,'Date Received','dateReceived',0,'16e226a5-9e7b-412a-94f8-faeedb33d6a4')
                                                                                                                                               ,('9f75bca9-5016-451b-82bb-10cbca000401',NULL,NULL,'String','dateOfPush DESC',NULL,'Order By','orderBy',1,'6b5b798b-7477-4c9d-97b9-a04a610ce7da')
                                                                                                                                               ,('9f879d20-8061-4f16-bddf-1e21aca92cca','2019-01-14 11:59:13.000','2019-01-14 11:59:13.000','String',NULL,NULL,'Facility','facility',0,'5a9e63ce-5af8-475b-a3c6-77226078330f')
;

INSERT INTO template_parameters (id,created_date,updated_date,data_type,default_value,description,display_name,name,required,template_id) VALUES
('a262b157-6200-46d9-ac2a-490251c597df',NULL,NULL,'String',NULL,NULL,'Facility','facility',0,'2201766b-eff3-452d-bc0e-89548526b27c')
                                                                                                                                               ,('a3f79bb3-d6e9-44c4-b5d5-2e1c100307b3',NULL,NULL,'String','chwName, moduleId, unitId',NULL,'Order By','orderBy',1,'7c246d9c-035a-4233-aa6c-2a4a42b5dd77')
                                                                                                                                               ,('a7b4c8c3-de91-44a9-803d-9b7e2667fec8','2018-10-11 15:28:23.000','2018-10-11 15:28:23.000','String',NULL,NULL,'District','district',0,'6339ea69-bbad-4510-b713-de3bb0b2b67e')
                                                                                                                                               ,('ac6943ef-520f-4ec5-9a6d-c9da6bbc0b85','2019-01-14 11:59:13.000','2019-01-14 11:59:13.000','String',NULL,NULL,'Sector','sector',0,'5a9e63ce-5af8-475b-a3c6-77226078330f')
                                                                                                                                               ,('ac9bc819-81fc-40dc-a019-5efa3aac511c','2018-10-11 15:28:23.000','2018-10-11 15:28:23.000','String',NULL,NULL,'Module ID','moduleId',0,'6339ea69-bbad-4510-b713-de3bb0b2b67e')
                                                                                                                                               ,('ad1a4847-9b92-48ba-ba14-d6d374272260',NULL,NULL,'String','0',NULL,'Offset','offset',1,'3b4bc725-a3d0-448c-8f0e-eaf74859b4af')
                                                                                                                                               ,('b1601790-040a-421b-8a8e-5175b55b537e','2019-01-14 12:10:40.000','2019-01-14 12:10:40.000','String','0',NULL,'Offset','offset',1,'b91b6008-a054-4a0c-bf4d-3e65fd8e6cef')
                                                                                                                                               ,('b488a277-7d8e-4629-8a76-cfccfad08de2',NULL,NULL,'String',NULL,NULL,'Question ID','questionId',0,'3819da0d-e3d9-40b9-aadc-06993c249db9')
                                                                                                                                               ,('b53d0100-9bc9-469c-aad3-a4a40381477a',NULL,NULL,'String',NULL,NULL,'Village','village',0,'2201766b-eff3-452d-bc0e-89548526b27c')
;

INSERT INTO template_parameters (id,created_date,updated_date,data_type,default_value,description,display_name,name,required,template_id) VALUES
('b8e08f79-df68-4aff-9a2c-26237c97aab0','2018-10-15 15:28:23.000','2018-10-15 15:28:23.000','String',NULL,NULL,'Phone','phone',0,'1f45915b-2fb4-4f9e-be47-af2ac1bb5c81')
                                                                                                                                               ,('bb15e9bb-c5e6-4b7d-b1a6-85f7f819aa3c',NULL,NULL,'String',NULL,NULL,'CHW Name','chwName',0,'16e226a5-9e7b-412a-94f8-faeedb33d6a4')
                                                                                                                                               ,('bb81a0d2-5703-467b-9b21-964411ee7c27',NULL,NULL,'String',NULL,NULL,'Facility','facility',0,'3819da0d-e3d9-40b9-aadc-06993c249db9')
                                                                                                                                               ,('c1018774-8485-4bc1-9e99-241d34039ff8','2019-01-14 11:59:13.000','2019-01-14 11:59:13.000','String',NULL,NULL,'Name','village',0,'5a9e63ce-5af8-475b-a3c6-77226078330f')
                                                                                                                                               ,('c210991f-02a4-4dea-86b7-3fc76118c0d1','2019-01-14 11:59:13.000','2019-01-14 11:59:13.000','String','community',NULL,'Order By','orderBy',1,'5a9e63ce-5af8-475b-a3c6-77226078330f')
                                                                                                                                               ,('c50c2f9e-7bd0-4b17-9996-ee2e6500cbf4',NULL,NULL,'String','0',NULL,'Offset','offset',1,'642123be-1438-49a1-a8c0-6611adad3c64')
                                                                                                                                               ,('c5a99124-e47c-4d42-88cd-b9d90b4d6738',NULL,NULL,'String','0',NULL,'Offset','offset',1,'7c246d9c-035a-4233-aa6c-2a4a42b5dd77')
                                                                                                                                               ,('c6f3a065-2e91-42a7-81bd-46976aa4ea60',NULL,NULL,'String','chwName, moduleId',NULL,'Order By','orderBy',1,'16e226a5-9e7b-412a-94f8-faeedb33d6a4')
                                                                                                                                               ,('c7cbd14d-cbd8-41cf-84a3-0c364d2add46',NULL,NULL,'String','20',NULL,'Limit','pageSize',1,'3819da0d-e3d9-40b9-aadc-06993c249db9')
                                                                                                                                               ,('c9318033-49fa-4d51-b191-193aef436722','2019-03-13 14:40:20.000','2019-03-13 14:40:20.000','String',NULL,NULL,'Facility','facility',0,'7c246d9c-035a-4233-aa6c-2a4a42b5dd77')
;

INSERT INTO template_parameters (id,created_date,updated_date,data_type,default_value,description,display_name,name,required,template_id) VALUES
('cbfb1fd6-db33-4a91-b493-3c04d6c12686',NULL,NULL,'Date',NULL,NULL,'Login Date','loginDate',0,'642123be-1438-49a1-a8c0-6611adad3c64')
                                                                                                                                               ,('cd98e908-2371-4dc3-8502-b5245025b1e4',NULL,NULL,'String',NULL,NULL,'Unit ID','unit',0,'3819da0d-e3d9-40b9-aadc-06993c249db9')
                                                                                                                                               ,('cff27984-4483-45db-8ae0-f9a8acf873ff','2019-01-16 11:30:16.000','2019-01-16 11:30:16.000','String',NULL,NULL,'Incharge name','inchargeName',0,'b91b6008-a054-4a0c-bf4d-3e65fd8e6cef')
                                                                                                                                               ,('d09a9331-2e1e-4d85-8e59-9515ca36fa4d','2018-10-11 15:28:23.000','2018-10-11 15:28:23.000','String',NULL,NULL,'Phone','phone',0,'6339ea69-bbad-4510-b713-de3bb0b2b67e')
                                                                                                                                               ,('d1f304dd-d601-4d50-a327-abfc55520b7e',NULL,NULL,'String',NULL,NULL,'Username','username',0,'642123be-1438-49a1-a8c0-6611adad3c64')
                                                                                                                                               ,('d37641bc-40da-44eb-b6ca-1151ed3c9bac',NULL,NULL,'Date',NULL,NULL,'Sent Date','sentDate',0,'8d89322c-ba99-40c4-b9a6-1f9ea6d058eb')
                                                                                                                                               ,('d3eccc06-c18c-4ac2-967d-c1bf05c77fdc','2018-10-11 15:28:23.000','2018-10-11 15:28:23.000','String','20',NULL,'Limit','pageSize',1,'6339ea69-bbad-4510-b713-de3bb0b2b67e')
                                                                                                                                               ,('d69552a7-dc88-47e9-94e6-df54930df38f','2018-10-11 15:28:23.000','2018-10-11 15:28:23.000','String','chwId, moduleId',NULL,'Order By','orderBy',1,'6339ea69-bbad-4510-b713-de3bb0b2b67e')
                                                                                                                                               ,('dced16fd-d669-4bb3-ba90-3a888566fb0f',NULL,NULL,'String',NULL,NULL,'CHW Name','chwName',0,'7c246d9c-035a-4233-aa6c-2a4a42b5dd77')
                                                                                                                                               ,('dd63b3b9-d7fa-4cfc-b9a0-ddf62968b736','2018-10-15 15:28:23.000','2018-10-15 15:28:23.000','String',NULL,NULL,'District','district',0,'1f45915b-2fb4-4f9e-be47-af2ac1bb5c81')
;

INSERT INTO template_parameters (id,created_date,updated_date,data_type,default_value,description,display_name,name,required,template_id) VALUES
('de4faa7f-650f-4c4a-82df-572bac88f9d1','2018-10-11 15:28:23.000','2018-10-11 15:28:23.000','String',NULL,NULL,'Sector','sector',0,'6339ea69-bbad-4510-b713-de3bb0b2b67e')
                                                                                                                                               ,('e272d50f-c812-46d9-a9d1-779181c6358e',NULL,NULL,'String',NULL,NULL,'Module Pushed','module',0,'6b5b798b-7477-4c9d-97b9-a04a610ce7da')
                                                                                                                                               ,('e6f49b92-9dab-42af-bee3-b9d7ad83e2b6',NULL,NULL,'String','20',NULL,'Limit','pageSize',1,'3b4bc725-a3d0-448c-8f0e-eaf74859b4af')
                                                                                                                                               ,('e855c06a-35ff-40b9-b7db-79db27cf0829','2019-01-14 11:59:13.000','2019-01-14 11:59:13.000','String',NULL,NULL,'District','district',0,'5a9e63ce-5af8-475b-a3c6-77226078330f')
                                                                                                                                               ,('eecb6afa-8fc9-4d9e-a674-10e694906738',NULL,NULL,'String','0',NULL,'Offset','offset',1,'3819da0d-e3d9-40b9-aadc-06993c249db9')
                                                                                                                                               ,('ef041344-9444-4822-98f3-21171a1cc5e9',NULL,NULL,'String','20',NULL,'Limit','pageSize',1,'8d89322c-ba99-40c4-b9a6-1f9ea6d058eb')
                                                                                                                                               ,('ef12bffb-b662-4041-82d5-29625361a85c','2019-01-14 12:10:40.000','2019-01-14 12:10:40.000','String',NULL,NULL,'District','district',0,'b91b6008-a054-4a0c-bf4d-3e65fd8e6cef')
                                                                                                                                               ,('ef14a199-1891-4a28-b980-93ca5877482f',NULL,NULL,'String','0',NULL,'Offset','offset',1,'8d89322c-ba99-40c4-b9a6-1f9ea6d058eb')
                                                                                                                                               ,('ef576d55-d8f4-4130-b659-f8e76a4621d0','2019-01-14 11:59:13.000','2019-01-14 11:59:13.000','String','0',NULL,'Offset','offset',1,'5a9e63ce-5af8-475b-a3c6-77226078330f')
                                                                                                                                               ,('f0561d0b-121f-448f-9fff-30284ff73a9f',NULL,NULL,'String','0',NULL,'Offset','offset',1,'6b5b798b-7477-4c9d-97b9-a04a610ce7da')
;

INSERT INTO template_parameters (id,created_date,updated_date,data_type,default_value,description,display_name,name,required,template_id) VALUES
('f5638e78-5818-43a7-9910-9eec24d3fff4',NULL,NULL,'Date',NULL,NULL,'Date of Push','dateOfPush',0,'6b5b798b-7477-4c9d-97b9-a04a610ce7da')
                                                                                                                                               ,('f6a1044c-c698-452e-af14-aed4b6467a69',NULL,NULL,'String',NULL,NULL,'Phone','phone',0,'3819da0d-e3d9-40b9-aadc-06993c249db9')
                                                                                                                                               ,('f709e03b-8954-4d54-b693-b3a790fb3c28',NULL,NULL,'String',NULL,NULL,'Module ID','moduleId',0,'16e226a5-9e7b-412a-94f8-faeedb33d6a4')
                                                                                                                                               ,('f7a41156-a0c3-4e65-b3fc-5e1c00935a25','2020-02-12 13:10:40.000','2020-02-12 13:10:40.000','String',NULL,NULL,'Facility','facility',0,'8d89322c-ba99-40c4-b9a6-1f9ea6d058eb')
                                                                                                                                               ,('f7da9c93-009d-4b80-8e52-b98d82528025',NULL,NULL,'String',NULL,NULL,'CHW Name','chwName',0,'2201766b-eff3-452d-bc0e-89548526b27c')
                                                                                                                                               ,('f92ce859-57b8-42cb-95d0-3cb90eddf6a8','2019-01-14 11:59:13.000','2019-01-14 11:59:13.000','String','20',NULL,'Limit','pageSize',1,'5a9e63ce-5af8-475b-a3c6-77226078330f')
                                                                                                                                               ,('fa90a39c-c4d8-45bf-8b60-699dabd2eb4a','2018-10-11 15:28:23.000','2018-10-11 15:28:23.000','String','0',NULL,'Offset','offset',1,'6339ea69-bbad-4510-b713-de3bb0b2b67e')
                                                                                                                                               ,('fbb8845b-5b8e-4c88-8e20-13642b88a3d0',NULL,NULL,'String',NULL,NULL,'Module ID','module',0,'3b4bc725-a3d0-448c-8f0e-eaf74859b4af')
;

INSERT INTO jasper_template_parameter_options (id,`options`) VALUES
('258e972a-ad57-4b4f-9e7e-6a0a536141dd','NOT_STARTED:Not started')
                                                                  ,('258e972a-ad57-4b4f-9e7e-6a0a536141dd','IN_PROGRESS:In progress')
                                                                  ,('258e972a-ad57-4b4f-9e7e-6a0a536141dd','COMPLETED:Completed')
                                                                  ,('576242a4-1e82-4408-9787-cfc13389b60f','NOT_STARTED:Not started')
                                                                  ,('576242a4-1e82-4408-9787-cfc13389b60f','IN_PROGRESS:In progress')
                                                                  ,('576242a4-1e82-4408-9787-cfc13389b60f','COMPLETED:Completed')
                                                                  ,('00039105-68ec-41aa-93f7-02ca136416d7','MALE:Male')
                                                                  ,('00039105-68ec-41aa-93f7-02ca136416d7','FEMALE:Female')
                                                                  ,('00825a2b-d02e-48f8-aa8a-521b5ba09f83','MALE:Male')
                                                                  ,('00825a2b-d02e-48f8-aa8a-521b5ba09f83','FEMALE:Female')
;

INSERT INTO jasper_template_parameter_options (id,`options`) VALUES
('00cc35a6-438c-4af0-afba-b5b7b869e25c','MALE:Male')
                                                                  ,('00cc35a6-438c-4af0-afba-b5b7b869e25c','FEMALE:Female')
                                                                  ,('90107bed-1423-44e4-baa9-a42af5acad1b','MALE:Male')
                                                                  ,('90107bed-1423-44e4-baa9-a42af5acad1b','FEMALE:Female')
                                                                  ,('9206c12a-9ad8-4082-b1f3-cdda9b2c57df','MALE:Male')
                                                                  ,('9206c12a-9ad8-4082-b1f3-cdda9b2c57df','FEMALE:Female')
                                                                  ,('6285bb56-fc89-4011-bf0e-0f9612eb873e','NOT_STARTED:Not started')
                                                                  ,('6285bb56-fc89-4011-bf0e-0f9612eb873e','IN_PROGRESS:In progress')
                                                                  ,('6285bb56-fc89-4011-bf0e-0f9612eb873e','COMPLETED:Completed')
                                                                  ,('615a04e1-be1f-428c-8c27-5df46fccaa25','NOT_STARTED:Not started')
;

INSERT INTO jasper_template_parameter_options (id,`options`) VALUES
('615a04e1-be1f-428c-8c27-5df46fccaa25','IN_PROGRESS:In progress')
                                                                  ,('615a04e1-be1f-428c-8c27-5df46fccaa25','COMPLETED:Completed')
                                                                  ,('431c53b3-6b37-4262-b871-2d09e2e10f16','MALE:Male')
                                                                  ,('431c53b3-6b37-4262-b871-2d09e2e10f16','FEMALE:Female')
                                                                  ,('3ad70dc7-3cc1-404f-a39d-510af518e6da','MALE:Male')
                                                                  ,('3ad70dc7-3cc1-404f-a39d-510af518e6da','FEMALE:Female')
;

